"DESCRIPTION","DURATION IN MS","NAME","PARENT SUITE","START TIME","STATUS","STOP TIME","SUB SUITE","SUITE","TEST CLASS","TEST METHOD"
"","151735","Deve alterar o status para em atendimento e gerar Venda","Painel de Atendimento - Petshop","Fri Jan 09 13:38:47 GMT-03:00 2026","failed","Fri Jan 09 13:41:19 GMT-03:00 2026","","Testes de novo atendimento quando Gerar atendimento por serviço = nao e registro tempo = horario","",""
"","3146","abre o modal de exclusao ao selecionar registros e cancela a acao","Listagem de usuários","Fri Jan 09 13:33:21 GMT-03:00 2026","passed","Fri Jan 09 13:33:24 GMT-03:00 2026","","","",""
"","4609","aplica filtro por Razao Social e valida resultado","Listagem de empresas","Fri Jan 09 13:26:04 GMT-03:00 2026","passed","Fri Jan 09 13:26:09 GMT-03:00 2026","","","",""
"","19419","Deve exibir os filtros e acoes disponiveis para o relatorio de Tabela de Preco","Relatorio de Tabela de Preco","Fri Jan 09 13:25:52 GMT-03:00 2026","passed","Fri Jan 09 13:26:11 GMT-03:00 2026","","","",""
"","156170","aplica filtro por destinatario e serie usando autocomplete","Listagem NFe","Fri Jan 09 14:34:42 GMT-03:00 2026","failed","Fri Jan 09 14:37:18 GMT-03:00 2026","","","",""
"","3840","aplica filtro por codigo e valida resultado","Listagem de funcionários","Fri Jan 09 13:31:12 GMT-03:00 2026","passed","Fri Jan 09 13:31:16 GMT-03:00 2026","","","",""
"","4671","Deve permitir pesquisar o relatorio de Exibir Estoque","Relatorio de Exibir Estoque","Fri Jan 09 13:26:38 GMT-03:00 2026","passed","Fri Jan 09 13:26:42 GMT-03:00 2026","","","",""
"","20501","permite filtrar a listagem de grupos","Compras e Estoque > Produtos > Grupos","Fri Jan 09 13:30:48 GMT-03:00 2026","passed","Fri Jan 09 13:31:09 GMT-03:00 2026","","","",""
"","16447","Deve preencher o formulário de Nova Despesa com Categoria: Despesa e Forma de Pagamento: ONLINE","Cadastro de Nova Despesa","Fri Jan 09 13:24:36 GMT-03:00 2026","passed","Fri Jan 09 13:24:52 GMT-03:00 2026","","","",""
"","1930","Deve filtrar vacinas por grupo","Vacinas - Petshop","Fri Jan 09 13:47:04 GMT-03:00 2026","passed","Fri Jan 09 13:47:06 GMT-03:00 2026","","","",""
"","24075","Deve cadastrar uma conta para o banco: Santander (Código: 033) com cobrança bancária","Cadastro de Conta Corrente","Fri Jan 09 13:23:15 GMT-03:00 2026","passed","Fri Jan 09 13:23:39 GMT-03:00 2026","","","",""
"","1906","Deve voltar da página de cadastro para listagem","Vacinas - Petshop","Fri Jan 09 13:47:12 GMT-03:00 2026","passed","Fri Jan 09 13:47:14 GMT-03:00 2026","","","",""
"","6449","deve validar autocomplete de cidade","Cadastro de funcionário","Fri Jan 09 13:27:47 GMT-03:00 2026","passed","Fri Jan 09 13:27:54 GMT-03:00 2026","","","",""
"","3679","Deve abrir o dropdown de ações e verificar que as opções estão visíveis","Testes da Listagem de Contas a Receber","Fri Jan 09 13:45:33 GMT-03:00 2026","passed","Fri Jan 09 13:45:37 GMT-03:00 2026","","Ações de Dropdown","",""
"","6886","deve validar URL do botão Gerar PDF","Meu Lucro - Dashboard Financeiro","Fri Jan 09 14:00:17 GMT-03:00 2026","passed","Fri Jan 09 14:00:24 GMT-03:00 2026","","","",""
"","220697","emite e cancela NFe normal avulsa","Cancelamento NFe Normal","Fri Jan 09 14:18:53 GMT-03:00 2026","failed","Fri Jan 09 14:22:34 GMT-03:00 2026","","","",""
"","27020","Deve acessar o cadastro de ordem de fornecimento","Ordem de Fornecimento","Fri Jan 09 13:33:51 GMT-03:00 2026","passed","Fri Jan 09 13:34:18 GMT-03:00 2026","","","",""
"","3580","seleciona e limpa todos os checkboxes da tabela","Listagem de empresas","Fri Jan 09 13:25:33 GMT-03:00 2026","passed","Fri Jan 09 13:25:36 GMT-03:00 2026","","","",""
"","14200","exibe a listagem e permite abrir o formulario de filtros","Listagem de funcionários","Fri Jan 09 13:28:04 GMT-03:00 2026","passed","Fri Jan 09 13:28:18 GMT-03:00 2026","","","",""
"","22018","Deve exibir os filtros e acoes disponiveis para o relatorio de Periodo","Relatorio de Periodo","Fri Jan 09 13:25:14 GMT-03:00 2026","passed","Fri Jan 09 13:25:36 GMT-03:00 2026","","","",""
"","2795","Deve filtrar categorias de despesa por ""Todas""","Testes de Listagem de Categorias","Fri Jan 09 13:30:21 GMT-03:00 2026","passed","Fri Jan 09 13:30:24 GMT-03:00 2026","","","",""
"","2959","Deve acessar a página de cadastro de atestado/termo","Cadastro de Atestados e Termos - Petshop","Fri Jan 09 13:23:53 GMT-03:00 2026","passed","Fri Jan 09 13:23:56 GMT-03:00 2026","","","",""
"","32375","Configurar sistema Padrao com NFSe","_beforeAll","Fri Jan 09 13:26:42 GMT-03:00 2026","passed","Fri Jan 09 13:27:14 GMT-03:00 2026","","cypress setup","",""
"","158951","envia o periodo selecionado ao pesquisar pela barra inferior","Listagem NFe","Fri Jan 09 14:37:19 GMT-03:00 2026","failed","Fri Jan 09 14:39:58 GMT-03:00 2026","","","",""
"","19634","exibe a listagem e permite abrir o formulario de filtros","Listagem de empresas","Fri Jan 09 13:25:07 GMT-03:00 2026","passed","Fri Jan 09 13:25:27 GMT-03:00 2026","","","",""
"","27387","Deve exibir os filtros e acoes disponiveis para o relatorio de Comissao","Relatorio de Comissao","Fri Jan 09 13:23:04 GMT-03:00 2026","passed","Fri Jan 09 13:23:31 GMT-03:00 2026","","","",""
"","3379","Deve validar que a tabela contém dados","Gestor de Preços - Listagem","Fri Jan 09 13:27:24 GMT-03:00 2026","passed","Fri Jan 09 13:27:28 GMT-03:00 2026","","Listagem de Preços","",""
"","18348","Deve realizar lançamento conta com tipo de data LANÇAMENTO","Testes de Lançamento Conta","Fri Jan 09 13:29:16 GMT-03:00 2026","failed","Fri Jan 09 13:29:35 GMT-03:00 2026","","","",""
"","2733","navega para novo cadastro ao acessar URL direta","Listagem de usuários","Fri Jan 09 13:33:24 GMT-03:00 2026","passed","Fri Jan 09 13:33:27 GMT-03:00 2026","","","",""
"","38008","Deve exibir os filtros e acoes disponiveis para o relatorio de Gerente de Vendas","Relatorio de Gerente de Vendas","Fri Jan 09 13:23:39 GMT-03:00 2026","passed","Fri Jan 09 13:24:17 GMT-03:00 2026","","","",""
"","18673","Deve exibir os filtros e acoes disponiveis para o relatorio de Exibir Estoque","Relatorio de Exibir Estoque","Fri Jan 09 13:26:19 GMT-03:00 2026","passed","Fri Jan 09 13:26:38 GMT-03:00 2026","","","",""
"","13303","Deve exibir formulário de novo cadastro","Gestor de Promoções - Cadastro","Fri Jan 09 13:29:15 GMT-03:00 2026","passed","Fri Jan 09 13:29:28 GMT-03:00 2026","","Cadastro de Promoção","",""
"","18187","Deve preencher o formulário de Nova Despesa com Categoria: Despesa e Forma de Pagamento: TRANSFERÊNCIA BANCÁRIA","Cadastro de Nova Despesa","Fri Jan 09 13:25:44 GMT-03:00 2026","passed","Fri Jan 09 13:26:02 GMT-03:00 2026","","","",""
"","20940","Deve exibir os filtros e acoes disponiveis para o relatorio de Contas a Receber","Relatorio de Contas a Receber","Fri Jan 09 13:26:03 GMT-03:00 2026","passed","Fri Jan 09 13:26:24 GMT-03:00 2026","","","",""
"","15120","Deve exibir a tela de Inutilizar Faixas da NFCE","NFC-e > Inutilizar","Fri Jan 09 13:28:43 GMT-03:00 2026","passed","Fri Jan 09 13:28:58 GMT-03:00 2026","","","",""
"","7872","Deve permitir pesquisar o relatorio de Ficha Estoque com periodo diario","Relatorio de Ficha Estoque","Fri Jan 09 13:27:13 GMT-03:00 2026","passed","Fri Jan 09 13:27:21 GMT-03:00 2026","","","",""
"","29112","abre formulario de NFe normal avulsa apos continuar","Cadastro NFe Normal","Fri Jan 09 13:49:48 GMT-03:00 2026","passed","Fri Jan 09 13:50:17 GMT-03:00 2026","","","",""
"","18106","Deve selecionar a Conta Corrente","Cadastro de Contas","Fri Jan 09 13:25:55 GMT-03:00 2026","passed","Fri Jan 09 13:26:13 GMT-03:00 2026","","","",""
"","3505","deve alternar os switches de bloqueado e desativado","Cadastro de cliente","Fri Jan 09 13:45:45 GMT-03:00 2026","passed","Fri Jan 09 13:45:49 GMT-03:00 2026","","","",""
"","7990","deve exibir erro ao tentar salvar sem preencher campos obrigatorios","Cadastro de empresa","Fri Jan 09 13:24:18 GMT-03:00 2026","passed","Fri Jan 09 13:24:26 GMT-03:00 2026","","","",""
"","7099","Deve cadastrar reajuste de preço com sucesso","Gestor de Preços - Cadastro","Fri Jan 09 13:27:52 GMT-03:00 2026","passed","Fri Jan 09 13:27:59 GMT-03:00 2026","","Cadastro de Reajuste de Preço","",""
"","2237","abre a edicao do primeiro registro da listagem","Listagem de cartões","Fri Jan 09 13:25:20 GMT-03:00 2026","passed","Fri Jan 09 13:25:22 GMT-03:00 2026","","","",""
"","4898","abre e fecha o formulario de pesquisa corretamente","Listagem de empresas","Fri Jan 09 13:25:49 GMT-03:00 2026","passed","Fri Jan 09 13:25:54 GMT-03:00 2026","","","",""
"","13533","Deve exibir formulário de novo cadastro","Gestor de Preços - Cadastro","Fri Jan 09 13:27:38 GMT-03:00 2026","passed","Fri Jan 09 13:27:52 GMT-03:00 2026","","Cadastro de Reajuste de Preço","",""
"","16729","Deve exibir os filtros e acoes disponiveis para o relatorio de Listagem dos Clientes","Relatorio de Listagem dos Clientes","Fri Jan 09 13:24:55 GMT-03:00 2026","passed","Fri Jan 09 13:25:12 GMT-03:00 2026","","","",""
"","14001","Deve cadastrar promoção completa com produtos e ativar","Gestor de Promoções - Cadastro","Fri Jan 09 13:30:05 GMT-03:00 2026","passed","Fri Jan 09 13:30:19 GMT-03:00 2026","","Cadastro de Promoção","",""
"","23277","Deve exibir a tela de Inutilizar Faixas da NFE","NF-e > Inutilizar","Fri Jan 09 13:29:37 GMT-03:00 2026","passed","Fri Jan 09 13:30:00 GMT-03:00 2026","","","",""
"","2276","seleciona a primeira linha da tabela","Listagem de formas de pagamento","Fri Jan 09 13:29:32 GMT-03:00 2026","passed","Fri Jan 09 13:29:35 GMT-03:00 2026","","","",""
"","2943","Deve filtrar despesas por período e tipo de data","Testes de Listagem de Contas a Pagar","Fri Jan 09 13:31:17 GMT-03:00 2026","passed","Fri Jan 09 13:31:20 GMT-03:00 2026","","","",""
"","23295","deve realizar cadastro completo de usuario com perfil","Cadastro de usuário","Fri Jan 09 13:31:36 GMT-03:00 2026","passed","Fri Jan 09 13:32:00 GMT-03:00 2026","","","",""
"","1779","Deve acessar a página de cadastro de tipo de atendimento","Tipos de Atendimento - Petshop","Fri Jan 09 13:46:45 GMT-03:00 2026","passed","Fri Jan 09 13:46:46 GMT-03:00 2026","","","",""
"","8462","Deve cadastrar um plano de contas com código referenciado opcional","SPED > Plano de Contas","Fri Jan 09 13:23:21 GMT-03:00 2026","passed","Fri Jan 09 13:23:29 GMT-03:00 2026","","","",""
"","1969","alerta quando tentar excluir sem selecionar registros","Listagem de clientes","Fri Jan 09 13:47:30 GMT-03:00 2026","passed","Fri Jan 09 13:47:32 GMT-03:00 2026","","","",""
"","2952","Deve aplicar filtros de pesquisa","Listagem de Devoluções/Vendas de Consignação","Fri Jan 09 13:44:00 GMT-03:00 2026","passed","Fri Jan 09 13:44:03 GMT-03:00 2026","","","",""
"","13630","Deve permitir desativar promoção ativa","Gestor de Promoções - Cadastro","Fri Jan 09 13:30:33 GMT-03:00 2026","passed","Fri Jan 09 13:30:47 GMT-03:00 2026","","Cadastro de Promoção","",""
"","2614","Deve exibir o botão Gerar PDF","Financeiro > Extrato","Fri Jan 09 13:27:51 GMT-03:00 2026","passed","Fri Jan 09 13:27:53 GMT-03:00 2026","","","",""
"","3622","aplica filtro por codigo e valida resultado","Listagem de usuários","Fri Jan 09 13:33:31 GMT-03:00 2026","passed","Fri Jan 09 13:33:34 GMT-03:00 2026","","","",""
"","4066","abre o modal Alterar Grupo ao selecionar um produto","Listagem de produtos","Fri Jan 09 13:37:02 GMT-03:00 2026","passed","Fri Jan 09 13:37:06 GMT-03:00 2026","","","",""
"","3501","Deve exibir detalhes ao selecionar um produto","Produto > Pesquisa Preço","Fri Jan 09 13:43:22 GMT-03:00 2026","passed","Fri Jan 09 13:43:25 GMT-03:00 2026","","","",""
"","17217","Deve exibir a tela de Gestão de Estoque com todos os elementos principais","Estoque > Gestão de Estoque","Fri Jan 09 13:34:38 GMT-03:00 2026","passed","Fri Jan 09 13:34:55 GMT-03:00 2026","","","",""
"","15689","Deve preencher o formulário de Nova Receita com Categoria: RECEITA e Forma de Pagamento: CARTÃO DE DÉBITO","Cadastro de Nova Receita","Fri Jan 09 13:27:37 GMT-03:00 2026","passed","Fri Jan 09 13:27:52 GMT-03:00 2026","","","",""
"","14997","Deve acessar a tela e validar elementos principais","SPED - Inventário Base","Fri Jan 09 13:24:47 GMT-03:00 2026","passed","Fri Jan 09 13:25:02 GMT-03:00 2026","","","",""
"","11563","deve realizar cadastro com tipo DÉBITO","Cadastro de cartão","Fri Jan 09 13:24:44 GMT-03:00 2026","passed","Fri Jan 09 13:24:56 GMT-03:00 2026","","","",""
"","3265","abre a edicao do primeiro registro da listagem","Listagem de empresas","Fri Jan 09 13:26:13 GMT-03:00 2026","passed","Fri Jan 09 13:26:16 GMT-03:00 2026","","","",""
"","2365","abre o modal de exclusao ao selecionar registros e cancela a acao","Listagem de clientes","Fri Jan 09 13:47:32 GMT-03:00 2026","passed","Fri Jan 09 13:47:34 GMT-03:00 2026","","","",""
"","17532","Deve validar que a página de listagem está visível ao acessar","Testes de Recibo","Fri Jan 09 13:38:16 GMT-03:00 2026","passed","Fri Jan 09 13:38:34 GMT-03:00 2026","","","",""
"","25678","Deve cadastrar uma conta para o banco: Sicredi S.A. (Código: 748) com cobrança bancária","Cadastro de Conta Corrente","Fri Jan 09 13:25:00 GMT-03:00 2026","passed","Fri Jan 09 13:25:25 GMT-03:00 2026","","","",""
"","3135","Deve filtrar ordens de serviço por número da OS","Gestão de Ordem de Serviço - Petshop","Fri Jan 09 13:24:26 GMT-03:00 2026","passed","Fri Jan 09 13:24:29 GMT-03:00 2026","","","",""
"","9370","mantem o periodo informado na requisicao da pesquisa","Listagem de vendas","Fri Jan 09 13:38:01 GMT-03:00 2026","broken","Fri Jan 09 13:38:11 GMT-03:00 2026","","","",""
"","29012","Deve cadastrar uma conta para o banco: Itaú Unibanco S (Código: 341) com cobrança bancária","Cadastro de Conta Corrente","Fri Jan 09 13:24:30 GMT-03:00 2026","passed","Fri Jan 09 13:24:59 GMT-03:00 2026","","","",""
"","10083","Deve abrir o novo cadastro de atributo e demonstrar o formulário","Compras e Estoque > Produtos > Atributos","Fri Jan 09 13:23:01 GMT-03:00 2026","passed","Fri Jan 09 13:23:11 GMT-03:00 2026","","","",""
"","16478","Deve preencher o formulário de Nova Despesa com Categoria: Despesa e Forma de Pagamento: PIX COBRANCA","Cadastro de Nova Despesa","Fri Jan 09 13:25:10 GMT-03:00 2026","passed","Fri Jan 09 13:25:26 GMT-03:00 2026","","","",""
"","3487","Deve retornar à listagem ao clicar em Voltar","Cadastro de Contas","Fri Jan 09 13:26:17 GMT-03:00 2026","passed","Fri Jan 09 13:26:21 GMT-03:00 2026","","","",""
"","154992","Deve preencher o motivo e cancelar a ação de cancelamento","Testes da Listagem de Contas a Receber","Fri Jan 09 13:53:44 GMT-03:00 2026","broken","Fri Jan 09 13:56:19 GMT-03:00 2026","","Cancelamento de Parcelas","",""
"","4968","Deve filtrar ordens de serviço por período","Gestão de Ordem de Serviço - Petshop","Fri Jan 09 13:24:21 GMT-03:00 2026","passed","Fri Jan 09 13:24:26 GMT-03:00 2026","","","",""
"","4874","Deve abrir o dropdown na primeira linha com status ""Pago"" e validar as opções","Testes de Listagem de Contas a Pagar","Fri Jan 09 13:42:03 GMT-03:00 2026","passed","Fri Jan 09 13:42:08 GMT-03:00 2026","","","",""
"","152920","Deve gerar um novo atendimento","Painel de Atendimento - Petshop","Fri Jan 09 13:36:14 GMT-03:00 2026","failed","Fri Jan 09 13:38:47 GMT-03:00 2026","","Testes de novo atendimento quando Gerar atendimento por serviço = nao e registro tempo = horario","",""
"","19145","deve exibir os botoes principais do formulario","Cadastro de justificativa","Fri Jan 09 13:29:37 GMT-03:00 2026","passed","Fri Jan 09 13:29:56 GMT-03:00 2026","","","",""
"","6274","deve realizar cadastro completo de contador apenas com campos obrigatorios","Cadastro de contador","Fri Jan 09 13:34:08 GMT-03:00 2026","passed","Fri Jan 09 13:34:14 GMT-03:00 2026","","","",""
"","5451","filtra por produto e valida resultados na tabela","Listagem de Produção","Fri Jan 09 13:42:36 GMT-03:00 2026","passed","Fri Jan 09 13:42:42 GMT-03:00 2026","","Pesquisa por filtros","",""
"","9493","filtra por codigo e situacao e aguarda o retorno da listagem","Listagem de vendas","Fri Jan 09 13:37:52 GMT-03:00 2026","broken","Fri Jan 09 13:38:01 GMT-03:00 2026","","","",""
"","4536","navega para novo cadastro ao clicar no botão","Listagem de Produção","Fri Jan 09 13:42:16 GMT-03:00 2026","passed","Fri Jan 09 13:42:21 GMT-03:00 2026","","Validação inicial da tela","",""
"","1763","Deve acessar a página de cadastro de vacina","Vacinas - Petshop","Fri Jan 09 13:47:08 GMT-03:00 2026","passed","Fri Jan 09 13:47:10 GMT-03:00 2026","","","",""
"","2833","deve exibir erro ao tentar salvar sem preencher campos obrigatorios","Cadastro de justificativa","Fri Jan 09 13:30:05 GMT-03:00 2026","passed","Fri Jan 09 13:30:07 GMT-03:00 2026","","","",""
"","3641","deve exibir todos os elementos principais da tela","Meu Lucro - Dashboard Financeiro","Fri Jan 09 13:56:42 GMT-03:00 2026","passed","Fri Jan 09 13:56:46 GMT-03:00 2026","","","",""
"","21481","Deve realizar cadastro de novo orçamento","Testes de Listagem de Orçamento","Fri Jan 09 13:42:00 GMT-03:00 2026","passed","Fri Jan 09 13:42:21 GMT-03:00 2026","","","",""
"","17965","Deve exibir os filtros e acoes disponiveis para o relatorio Fiscal Saida Analitico","Relatorio Fiscal Saida Analitico","Fri Jan 09 13:24:41 GMT-03:00 2026","passed","Fri Jan 09 13:24:59 GMT-03:00 2026","","","",""
"","12568","Deve acessar a tela de listagem de Tipos de Atendimento","Tipos de Atendimento - Petshop","Fri Jan 09 13:46:29 GMT-03:00 2026","passed","Fri Jan 09 13:46:42 GMT-03:00 2026","","","",""
"","2868","navega para novo cadastro ao clicar no botao Novo Cadastro","Listagem de justificativas","Fri Jan 09 13:30:30 GMT-03:00 2026","passed","Fri Jan 09 13:30:33 GMT-03:00 2026","","","",""
"","2251","alerta quando tentar excluir sem selecionar registros","Listagem de funcionários","Fri Jan 09 13:30:56 GMT-03:00 2026","passed","Fri Jan 09 13:30:59 GMT-03:00 2026","","","",""
"","5889","Deve permitir pesquisar o relatorio de Periodo com periodo diario","Relatorio de Periodo","Fri Jan 09 13:25:36 GMT-03:00 2026","passed","Fri Jan 09 13:25:42 GMT-03:00 2026","","","",""
"","2972","Deve exibir todas as seções do DRE","Financeiro > DRE","Fri Jan 09 13:26:42 GMT-03:00 2026","passed","Fri Jan 09 13:26:45 GMT-03:00 2026","","","",""
"","3563","Deve editar o primeiro vínculo fiscal da tabela","Testes de Listagem de Vínculo Fiscal","Fri Jan 09 13:38:28 GMT-03:00 2026","passed","Fri Jan 09 13:38:31 GMT-03:00 2026","","","",""
"","3837","Deve exibir erro ao tentar salvar sem preencher campos obrigatórios","Testes de Lançamento Conta","Fri Jan 09 13:29:41 GMT-03:00 2026","passed","Fri Jan 09 13:29:45 GMT-03:00 2026","","","",""
"","16936","Deve exibir a tabela de requisições e permitir abrir o formulário de pesquisa","Listagem de Requisições de Consignação","Fri Jan 09 13:44:58 GMT-03:00 2026","passed","Fri Jan 09 13:45:15 GMT-03:00 2026","","","",""
"","26746","deve salvar cliente com endereco completo e acessar aba Outros Enderecos","Cadastro de cliente","Fri Jan 09 13:46:17 GMT-03:00 2026","passed","Fri Jan 09 13:46:43 GMT-03:00 2026","","","",""
"","2021","Deve filtrar modelos de prescrições por descrição","Modelos de Prescrições - Petshop","Fri Jan 09 13:25:17 GMT-03:00 2026","passed","Fri Jan 09 13:25:19 GMT-03:00 2026","","","",""
"","8472","Deve permitir pesquisar o relatorio Fiscal Pis/Cofins com periodo diario","Relatorio Fiscal Pis/Cofins","Fri Jan 09 13:24:29 GMT-03:00 2026","passed","Fri Jan 09 13:24:37 GMT-03:00 2026","","","",""
"","5129","Deve permitir ordenar por código (crescente)","Gestor de Promoções - Listagem","Fri Jan 09 13:28:49 GMT-03:00 2026","passed","Fri Jan 09 13:28:54 GMT-03:00 2026","","Listagem de Promoções","",""
"","3807","exibe as abas principais do formulario antes de cadastrar","Cadastro de produtos","Fri Jan 09 13:38:03 GMT-03:00 2026","passed","Fri Jan 09 13:38:07 GMT-03:00 2026","","","",""
"","5553","deve exibir erro ao tentar salvar sem preencher campos obrigatorios","Cadastro de cartão","Fri Jan 09 13:24:20 GMT-03:00 2026","passed","Fri Jan 09 13:24:26 GMT-03:00 2026","","","",""
"","85008","cadastra produto habilitando grade e recusa os dados fiscais","Cadastro de produtos","Fri Jan 09 13:38:39 GMT-03:00 2026","passed","Fri Jan 09 13:40:04 GMT-03:00 2026","","","",""
"","2004","Deve exibir a tabela com todas as colunas","Financeiro > Extrato","Fri Jan 09 13:27:49 GMT-03:00 2026","passed","Fri Jan 09 13:27:51 GMT-03:00 2026","","","",""
"","3694","deve retornar para listagem ao clicar em Voltar","Cadastro de usuário","Fri Jan 09 13:32:11 GMT-03:00 2026","passed","Fri Jan 09 13:32:15 GMT-03:00 2026","","","",""
"","3628","deve retornar para listagem ao clicar em Voltar","Cadastro de justificativa","Fri Jan 09 13:30:07 GMT-03:00 2026","passed","Fri Jan 09 13:30:11 GMT-03:00 2026","","","",""
"","28315","Deve relacionar produto na importação","Cadastro de compra - Importação XML","Fri Jan 09 13:28:46 GMT-03:00 2026","failed","Fri Jan 09 13:29:14 GMT-03:00 2026","","","",""
"","3855","deve exibir a seção de gráfico do Ponto de Equilíbrio","Meu Lucro - Dashboard Financeiro","Fri Jan 09 13:57:32 GMT-03:00 2026","passed","Fri Jan 09 13:57:36 GMT-03:00 2026","","","",""
"","48187","Deve importar compra pela Nuvem Fiscal filtrando por Ciência da Operação","Importação de Compra pela Nuvem Fiscal","Fri Jan 09 13:32:37 GMT-03:00 2026","passed","Fri Jan 09 13:33:25 GMT-03:00 2026","","","",""
"","12021","Deve adicionar produto à promoção","Gestor de Promoções - Cadastro","Fri Jan 09 13:29:53 GMT-03:00 2026","passed","Fri Jan 09 13:30:05 GMT-03:00 2026","","Cadastro de Promoção","",""
"","21182","realiza fluxo completo da NFe complementar avulsa","Cadastro NFe Complementar","Fri Jan 09 13:25:39 GMT-03:00 2026","broken","Fri Jan 09 13:26:00 GMT-03:00 2026","","","",""
"","2214","Deve exibir os cards de resumo","Financeiro > Extrato","Fri Jan 09 13:27:47 GMT-03:00 2026","passed","Fri Jan 09 13:27:49 GMT-03:00 2026","","","",""
"","30335","Deve exibir os filtros e acoes disponiveis para o relatorio de Evolucao","Relatorio de Evolucao","Fri Jan 09 13:23:47 GMT-03:00 2026","passed","Fri Jan 09 13:24:17 GMT-03:00 2026","","","",""
"","16837","Deve carregar os cards do dashboard corretamente","Dashboard de Estoque","Fri Jan 09 13:34:19 GMT-03:00 2026","passed","Fri Jan 09 13:34:36 GMT-03:00 2026","","","",""
"","18643","deve exibir a tela de listagem corretamente","Listagem de Perfis de Acesso","Fri Jan 09 13:34:04 GMT-03:00 2026","passed","Fri Jan 09 13:34:22 GMT-03:00 2026","","","",""
"","161842","realiza fluxo completo da NFe normal NFCe","Cadastro NFe Normal","Fri Jan 09 14:01:11 GMT-03:00 2026","failed","Fri Jan 09 14:03:53 GMT-03:00 2026","","","",""
"","16780","Deve cadastrar um novo vínculo fiscal de serviço","Vínculos Fiscais de Serviço","Fri Jan 09 13:27:48 GMT-03:00 2026","passed","Fri Jan 09 13:28:04 GMT-03:00 2026","","","",""
"","15900","Deve preencher o formulário de Nova Receita com Categoria: RECEITA e Forma de Pagamento: DUPLICATA","Cadastro de Nova Receita","Fri Jan 09 13:27:04 GMT-03:00 2026","passed","Fri Jan 09 13:27:20 GMT-03:00 2026","","","",""
"","178375","Realizar venda com sucesso","Realizar venda","Fri Jan 09 14:40:11 GMT-03:00 2026","failed","Fri Jan 09 14:43:09 GMT-03:00 2026","","","",""
"","4950","navega para novo cadastro ao clicar no botao Novo Cadastro","Listagem de funcionários","Fri Jan 09 13:31:03 GMT-03:00 2026","passed","Fri Jan 09 13:31:08 GMT-03:00 2026","","","",""
"","3786","Deve navegar para o cadastro ao clicar em Novo Cadastro","SPED > Valores Declaratórios","Fri Jan 09 13:26:06 GMT-03:00 2026","passed","Fri Jan 09 13:26:10 GMT-03:00 2026","","","",""
"","9582","Deve realizar baixa parcial (50%) e verificar status ""Parcial""","Testes de Baixa de Despesas","Fri Jan 09 13:31:39 GMT-03:00 2026","passed","Fri Jan 09 13:31:48 GMT-03:00 2026","","","",""
"","6883","deve exibir erro ao tentar salvar com senhas diferentes","Cadastro de usuário","Fri Jan 09 13:32:22 GMT-03:00 2026","passed","Fri Jan 09 13:32:28 GMT-03:00 2026","","","",""
"","252490","realiza fluxo completo da NFe de devolucao avulsa","Cadastro NFe Devolução","Fri Jan 09 13:26:03 GMT-03:00 2026","failed","Fri Jan 09 13:30:16 GMT-03:00 2026","","","",""
"","5205","Deve cancelar a edição clicando no botão ""Voltar""","Edição Completa de Receita","Fri Jan 09 13:31:04 GMT-03:00 2026","passed","Fri Jan 09 13:31:09 GMT-03:00 2026","","","",""
"","170849","abre formulario de NFe devolucao trocas apos pesquisar e selecionar","Cadastro NFe Devolução","Fri Jan 09 13:44:00 GMT-03:00 2026","failed","Fri Jan 09 13:46:51 GMT-03:00 2026","","","",""
"","10787","Deve abrir o formulário de novo cadastro de movimentação para operação Saída","Cadastro de Movimentações","Fri Jan 09 13:32:24 GMT-03:00 2026","passed","Fri Jan 09 13:32:35 GMT-03:00 2026","","","",""
"","6300","Deve exibir seção de produtos após salvar","Gestor de Promoções - Cadastro","Fri Jan 09 13:29:46 GMT-03:00 2026","passed","Fri Jan 09 13:29:52 GMT-03:00 2026","","Cadastro de Promoção","",""
"","170605","abre formulario de NFe normal venda apos pesquisar e selecionar","Cadastro NFe Normal","Fri Jan 09 13:54:13 GMT-03:00 2026","failed","Fri Jan 09 13:57:04 GMT-03:00 2026","","","",""
"","3133","Deve permitir voltar para listagem","Gestor de Promoções - Cadastro","Fri Jan 09 13:29:36 GMT-03:00 2026","passed","Fri Jan 09 13:29:39 GMT-03:00 2026","","Cadastro de Promoção","",""
"","8914","Deve exibir tabela de itens afetados após salvar","Gestor de Preços - Cadastro","Fri Jan 09 13:28:15 GMT-03:00 2026","passed","Fri Jan 09 13:28:24 GMT-03:00 2026","","Cadastro de Reajuste de Preço","",""
"","6438","Deve cancelar lançamento clicando em Voltar","Testes de Lançamento Conta","Fri Jan 09 13:29:35 GMT-03:00 2026","passed","Fri Jan 09 13:29:41 GMT-03:00 2026","","","",""
"","12","valida opção Enviar email do dropdown Mais Ações","Cadastro NFe - Validações Dropdown Mais Ações","Fri Jan 09 14:07:30 GMT-03:00 2026","broken","Fri Jan 09 14:07:30 GMT-03:00 2026","","","",""
"","163776","adiciona dois itens, gera duplicata em tres parcelas e valida somatorio","Cadastro de venda","Fri Jan 09 13:31:48 GMT-03:00 2026","failed","Fri Jan 09 13:34:32 GMT-03:00 2026","","","",""
"","40339","deve exibir os botoes principais do formulario","Cadastro de cartão","Fri Jan 09 13:23:06 GMT-03:00 2026","passed","Fri Jan 09 13:23:46 GMT-03:00 2026","","","",""
"","14597","Deve preencher o formulário de Nova Receita com Categoria: RECEITA e Forma de Pagamento: PIX","Cadastro de Nova Receita","Fri Jan 09 13:28:40 GMT-03:00 2026","passed","Fri Jan 09 13:28:54 GMT-03:00 2026","","","",""
"","179528","Cenário 1: Deve filtrar, editar e atualizar dados na aba Vínculos Fiscais","Atualizar Dados Fiscais","Fri Jan 09 13:23:50 GMT-03:00 2026","failed","Fri Jan 09 13:26:50 GMT-03:00 2026","","","",""
"","5568","deve validar autocomplete de funcao","Cadastro de funcionário","Fri Jan 09 13:27:35 GMT-03:00 2026","passed","Fri Jan 09 13:27:40 GMT-03:00 2026","","","",""
"","3083","deve navegar para novo cadastro ao clicar no botão Perfil","Listagem de Perfis de Acesso","Fri Jan 09 13:34:35 GMT-03:00 2026","passed","Fri Jan 09 13:34:39 GMT-03:00 2026","","","",""
"","4755","Deve selecionar o período ""Este Mês"" e validar que os valores da coluna ""Valor Parcela"" são diferentes de 0,00","Testes de Listagem de Contas a Pagar","Fri Jan 09 13:44:42 GMT-03:00 2026","failed","Fri Jan 09 13:44:47 GMT-03:00 2026","","","",""
"","2378","Deve marcar opções de geração de registros","Gestão de Ordem de Serviço - Petshop","Fri Jan 09 13:24:36 GMT-03:00 2026","passed","Fri Jan 09 13:24:39 GMT-03:00 2026","","","",""
"","2297","seleciona a primeira linha da tabela","Listagem de cartões","Fri Jan 09 13:25:22 GMT-03:00 2026","passed","Fri Jan 09 13:25:25 GMT-03:00 2026","","","",""
"","4017","Deve preencher o formulário de cadastro de valores declaratórios","SPED > Valores Declaratórios","Fri Jan 09 13:26:10 GMT-03:00 2026","passed","Fri Jan 09 13:26:14 GMT-03:00 2026","","","",""
"","35620","exibe os botoes principais e o formulario inicial","Cadastro de venda","Fri Jan 09 13:22:20 GMT-03:00 2026","passed","Fri Jan 09 13:22:55 GMT-03:00 2026","","","",""
"","42584","Importando NFe pelo XML e excluindo","Cadastro de compra - Importação XML","Fri Jan 09 13:27:24 GMT-03:00 2026","passed","Fri Jan 09 13:28:07 GMT-03:00 2026","","","",""
"","18476","Deve exibir a tela de listagem de IPI Ajustes Apurações","SPED - IPI Ajuste Apuração","Fri Jan 09 13:25:12 GMT-03:00 2026","passed","Fri Jan 09 13:25:30 GMT-03:00 2026","","","",""
"","2779","Deve clicar no botão de nova categoria de receita","Testes de Listagem de Categorias","Fri Jan 09 13:30:06 GMT-03:00 2026","passed","Fri Jan 09 13:30:09 GMT-03:00 2026","","","",""
"","1866","Deve filtrar atestados e termos por tipo","Cadastro de Atestados e Termos - Petshop","Fri Jan 09 13:23:49 GMT-03:00 2026","passed","Fri Jan 09 13:23:51 GMT-03:00 2026","","","",""
"","152108","Deve alterar o status para em atendimento e gerar Venda","Painel de Atendimento - Petshop","Fri Jan 09 13:33:42 GMT-03:00 2026","failed","Fri Jan 09 13:36:14 GMT-03:00 2026","","Testes de novo atendimento quando Gerar atendimento por serviço = sim e registro tempo =turno","",""
"","163651","adiciona tres itens, aplica acrescimo e gera pagamento","Cadastro de venda","Fri Jan 09 13:29:04 GMT-03:00 2026","failed","Fri Jan 09 13:31:48 GMT-03:00 2026","","","",""
"","3508","Deve selecionar todas as linhas da tabela","Testes de Listagem de Contas a Pagar","Fri Jan 09 13:31:29 GMT-03:00 2026","passed","Fri Jan 09 13:31:33 GMT-03:00 2026","","","",""
"","2613","Deve voltar da página de cadastro para listagem","Cadastro de Atestados e Termos - Petshop","Fri Jan 09 13:23:58 GMT-03:00 2026","passed","Fri Jan 09 13:24:00 GMT-03:00 2026","","","",""
"","15714","Deve exibir a listagem de promoções","Gestor de Promoções - Listagem","Fri Jan 09 13:28:33 GMT-03:00 2026","passed","Fri Jan 09 13:28:49 GMT-03:00 2026","","Listagem de Promoções","",""
"","3844","Deve expandir os detalhes de pagamento e verificar tabela vazia","Testes de Baixa de Despesas","Fri Jan 09 13:32:04 GMT-03:00 2026","passed","Fri Jan 09 13:32:08 GMT-03:00 2026","","","",""
"","150955","Deve gerar um novo atendimento","Painel de Atendimento - Petshop","Fri Jan 09 13:26:06 GMT-03:00 2026","failed","Fri Jan 09 13:28:37 GMT-03:00 2026","","Testes de novo atendimento quando Gerar atendimento por serviço = nao e registro tempo = turno","",""
"","20592","deve exibir a seção de Meta de Lucro","Meu Lucro - Dashboard Financeiro","Fri Jan 09 13:57:07 GMT-03:00 2026","failed","Fri Jan 09 13:57:27 GMT-03:00 2026","","","",""
"","1960","deve alertar quando tentar excluir sem selecionar registros","Listagem de Perfis de Acesso","Fri Jan 09 13:34:32 GMT-03:00 2026","passed","Fri Jan 09 13:34:34 GMT-03:00 2026","","","",""
"","13689","deve realizar cadastro com tipo CRÉDITO","Cadastro de cartão","Fri Jan 09 13:24:30 GMT-03:00 2026","passed","Fri Jan 09 13:24:44 GMT-03:00 2026","","","",""
"","1924","deve validar que as informações de última e próxima sincronização são exibidas","Sincronização - Responsável Técnico","Fri Jan 09 13:35:02 GMT-03:00 2026","passed","Fri Jan 09 13:35:04 GMT-03:00 2026","","","",""
"","18435","Deve validar os menus e submenus exclusivos do Petshop","Validação do Menu Lateral do Petshop","Fri Jan 09 13:24:42 GMT-03:00 2026","passed","Fri Jan 09 13:25:00 GMT-03:00 2026","","","",""
"","15301","Deve preencher o formulário de Nova Receita com Categoria: RECEITA e Forma de Pagamento: CRÉDITO LOJA","Cadastro de Nova Receita","Fri Jan 09 13:28:09 GMT-03:00 2026","passed","Fri Jan 09 13:28:24 GMT-03:00 2026","","","",""
"","14735","Deve exibir a tela de Configurações da NF-e com todos os elementos principais","NF-e > Configurações","Fri Jan 09 13:28:59 GMT-03:00 2026","passed","Fri Jan 09 13:29:14 GMT-03:00 2026","","","",""
"","3103","Deve carregar a página de login do Petshop corretamente","Smoke Test - Petshop","Fri Jan 09 13:46:25 GMT-03:00 2026","passed","Fri Jan 09 13:46:28 GMT-03:00 2026","","","",""
"","1980","alerta quando tentar excluir sem selecionar registros","Listagem de usuários","Fri Jan 09 13:33:19 GMT-03:00 2026","passed","Fri Jan 09 13:33:21 GMT-03:00 2026","","","",""
"","224127","emite e cancela NFe ajuste avulsa","Cancelamento NFe Ajuste","Fri Jan 09 14:07:32 GMT-03:00 2026","failed","Fri Jan 09 14:11:16 GMT-03:00 2026","","","",""
"","18618","Deve exibir os filtros e acoes disponiveis para o relatorio de Mais Vendidos","Relatorio de Mais Vendidos","Fri Jan 09 13:24:28 GMT-03:00 2026","passed","Fri Jan 09 13:24:46 GMT-03:00 2026","","","",""
"","1409","Deve validar estrutura da tabela de listagem","Tipos de Atendimento - Petshop","Fri Jan 09 13:46:52 GMT-03:00 2026","passed","Fri Jan 09 13:46:53 GMT-03:00 2026","","","",""
"","2847","Deve alterar configurações e salvar","SPED > Configurações","Fri Jan 09 13:24:02 GMT-03:00 2026","passed","Fri Jan 09 13:24:05 GMT-03:00 2026","","","",""
"","4713","Deve cancelar o cadastro clicando em Voltar","SPED > Plano de Contas","Fri Jan 09 13:23:30 GMT-03:00 2026","passed","Fri Jan 09 13:23:34 GMT-03:00 2026","","","",""
"","11","valida opção Download XML do dropdown Mais Ações","Cadastro NFe - Validações Dropdown Mais Ações","Fri Jan 09 14:07:30 GMT-03:00 2026","broken","Fri Jan 09 14:07:30 GMT-03:00 2026","","","",""
"","3723","abre e fecha o formulario de pesquisa corretamente","Listagem de usuários","Fri Jan 09 13:33:27 GMT-03:00 2026","passed","Fri Jan 09 13:33:31 GMT-03:00 2026","","","",""
"","2540","Deve preencher a data corretamente","SPED - Inventário Base","Fri Jan 09 13:25:02 GMT-03:00 2026","passed","Fri Jan 09 13:25:05 GMT-03:00 2026","","","",""
"","235210","emite e cancela NFe complementar avulsa","Cancelamento NFe Complementar","Fri Jan 09 14:11:18 GMT-03:00 2026","failed","Fri Jan 09 14:15:13 GMT-03:00 2026","","","",""
"","6864","Deve cadastrar promoção com todos os dias da semana","Gestor de Promoções - Cadastro","Fri Jan 09 13:29:39 GMT-03:00 2026","passed","Fri Jan 09 13:29:46 GMT-03:00 2026","","Cadastro de Promoção","",""
"","7790","permite alternar e exibe conteudos das abas de finalidade","Cadastro NFe - Validações Gerais","Fri Jan 09 14:07:22 GMT-03:00 2026","passed","Fri Jan 09 14:07:30 GMT-03:00 2026","","","",""
"","1825","Deve filtrar vacinas por status","Vacinas - Petshop","Fri Jan 09 13:47:06 GMT-03:00 2026","passed","Fri Jan 09 13:47:08 GMT-03:00 2026","","","",""
"","2174","seleciona e limpa todos os checkboxes da tabela","Listagem de clientes","Fri Jan 09 13:47:27 GMT-03:00 2026","passed","Fri Jan 09 13:47:30 GMT-03:00 2026","","","",""
"","4738","Deve cancelar o cadastro clicando em Voltar","SPED - ICMS Ajuste Apuração","Fri Jan 09 13:24:40 GMT-03:00 2026","passed","Fri Jan 09 13:24:45 GMT-03:00 2026","","","",""
"","37146","deve exibir as abas e botoes principais do formulario","Cadastro de empresa","Fri Jan 09 13:23:04 GMT-03:00 2026","passed","Fri Jan 09 13:23:41 GMT-03:00 2026","","","",""
"","37097","Deve preencher o formulário de Nova Receita com Categoria: RECEITA e Forma de Pagamento: ESPÉCIE","Cadastro de Nova Receita","Fri Jan 09 13:26:26 GMT-03:00 2026","passed","Fri Jan 09 13:27:03 GMT-03:00 2026","","","",""
"","16730","Deve preencher o formulário de Nova Despesa com Categoria: Despesa e Forma de Pagamento: DEPÓSITO BANCÁRIO","Cadastro de Nova Despesa","Fri Jan 09 13:25:27 GMT-03:00 2026","passed","Fri Jan 09 13:25:43 GMT-03:00 2026","","","",""
"","2702","deve retornar para home ao clicar em Voltar","Cadastro de contador","Fri Jan 09 13:34:18 GMT-03:00 2026","passed","Fri Jan 09 13:34:21 GMT-03:00 2026","","","",""
"","6878","Deve cadastrar reajuste completo com filtros opcionais","Gestor de Preços - Cadastro","Fri Jan 09 13:28:24 GMT-03:00 2026","passed","Fri Jan 09 13:28:31 GMT-03:00 2026","","Cadastro de Reajuste de Preço","",""
"","26679","Deve cadastrar uma conta para o banco: BANCOOB/SICOOB (Código: 756) com cobrança bancária","Cadastro de Conta Corrente","Fri Jan 09 13:25:26 GMT-03:00 2026","passed","Fri Jan 09 13:25:52 GMT-03:00 2026","","","",""
"","3941","Deve exibir erro ao tentar baixar sem selecionar parcelas","Testes da Listagem de Contas a Receber","Fri Jan 09 13:45:10 GMT-03:00 2026","passed","Fri Jan 09 13:45:14 GMT-03:00 2026","","Ações de Baixa e Confirmações","",""
"","4474","deve exibir erro ao tentar salvar sem preencher campos obrigatorios","Cadastro de forma de pagamento","Fri Jan 09 13:26:10 GMT-03:00 2026","passed","Fri Jan 09 13:26:14 GMT-03:00 2026","","","",""
"","3832","Deve preencher o formulário de pesquisa","Consignação > Extrato","Fri Jan 09 13:42:40 GMT-03:00 2026","passed","Fri Jan 09 13:42:43 GMT-03:00 2026","","","",""
"","13178","Deve permitir pesquisar o relatorio de Caixa com periodo diario","Relatorio de Caixa","Fri Jan 09 13:26:55 GMT-03:00 2026","passed","Fri Jan 09 13:27:09 GMT-03:00 2026","","","",""
"","4803","Deve permitir pesquisar o relatorio Fiscal Saida Analitico com periodo diario","Relatorio Fiscal Saida Analitico","Fri Jan 09 13:24:59 GMT-03:00 2026","passed","Fri Jan 09 13:25:04 GMT-03:00 2026","","","",""
"","2762","seleciona e limpa todos os checkboxes da tabela","Listagem de produtos","Fri Jan 09 13:37:00 GMT-03:00 2026","passed","Fri Jan 09 13:37:02 GMT-03:00 2026","","","",""
"","164219","adiciona tres itens, aplica desconto e gera pagamento","Cadastro de venda","Fri Jan 09 13:26:19 GMT-03:00 2026","failed","Fri Jan 09 13:29:04 GMT-03:00 2026","","","",""
"","29270","Deve realizar lançamento conta completo","Testes de Lançamento Conta","Fri Jan 09 13:28:23 GMT-03:00 2026","failed","Fri Jan 09 13:28:52 GMT-03:00 2026","","","",""
"","3851","abre e fecha o formulario de pesquisa corretamente","Listagem de funcionários","Fri Jan 09 13:31:08 GMT-03:00 2026","passed","Fri Jan 09 13:31:12 GMT-03:00 2026","","","",""
"","6764","deve validar autocomplete de bairro","Cadastro de funcionário","Fri Jan 09 13:27:41 GMT-03:00 2026","passed","Fri Jan 09 13:27:47 GMT-03:00 2026","","","",""
"","1930","valida paginacao inicial da listagem","Listagem de funcionários","Fri Jan 09 13:31:01 GMT-03:00 2026","passed","Fri Jan 09 13:31:03 GMT-03:00 2026","","","",""
"","21592","Deve exibir a tabela de devoluções e permitir abrir o formulário de pesquisa","Listagem de Devoluções/Vendas de Consignação","Fri Jan 09 13:43:36 GMT-03:00 2026","passed","Fri Jan 09 13:43:57 GMT-03:00 2026","","","",""
"","153500","Deve abrir o dropdown e selecionar a opção ""Cancelar""","Testes de Listagem de Contas a Pagar","Fri Jan 09 13:31:43 GMT-03:00 2026","failed","Fri Jan 09 13:34:17 GMT-03:00 2026","","","",""
"","27781","cadastra produto habilitando combo e valida a aba sem itens","Cadastro de produtos","Fri Jan 09 13:40:04 GMT-03:00 2026","passed","Fri Jan 09 13:40:32 GMT-03:00 2026","","","",""
"","18329","Deve preencher o formulário de Nova Despesa com Categoria: Despesa e Forma de Pagamento: CRÉDITO LOJA","Cadastro de Nova Despesa","Fri Jan 09 13:24:17 GMT-03:00 2026","passed","Fri Jan 09 13:24:35 GMT-03:00 2026","","","",""
"","243770","realiza fluxo completo da NFe devolucao movimentacao","Cadastro NFe Devolução","Fri Jan 09 13:35:29 GMT-03:00 2026","failed","Fri Jan 09 13:39:33 GMT-03:00 2026","","","",""
"","2230","Deve validar seção de geração de registros","Gestão de Ordem de Serviço - Petshop","Fri Jan 09 13:24:32 GMT-03:00 2026","passed","Fri Jan 09 13:24:34 GMT-03:00 2026","","","",""
"","49724","deve finalizar uma produção com modo de preparo preenchido","Cadastro de Produção","Fri Jan 09 13:40:56 GMT-03:00 2026","passed","Fri Jan 09 13:41:46 GMT-03:00 2026","","","",""
"","16096","Deve exibir os filtros e acoes disponiveis para o relatorio de NCM","Relatorio de NCM","Fri Jan 09 13:24:27 GMT-03:00 2026","passed","Fri Jan 09 13:24:43 GMT-03:00 2026","","","",""
"","36408","deve realizar cadastro completo de empresa","Cadastro de empresa","Fri Jan 09 13:23:42 GMT-03:00 2026","passed","Fri Jan 09 13:24:18 GMT-03:00 2026","","","",""
"","17234","Deve exibir os filtros e acoes disponiveis para o relatorio Fiscal Saida Sintetico","Relatorio Fiscal Saida Sintetico","Fri Jan 09 13:25:06 GMT-03:00 2026","passed","Fri Jan 09 13:25:24 GMT-03:00 2026","","","",""
"","18064","deve exibir a tela de sincronização corretamente","Sincronização - Responsável Técnico","Fri Jan 09 13:34:40 GMT-03:00 2026","passed","Fri Jan 09 13:34:58 GMT-03:00 2026","","","",""
"","3366","abre a edicao do primeiro registro da listagem","Listagem de justificativas","Fri Jan 09 13:30:33 GMT-03:00 2026","passed","Fri Jan 09 13:30:36 GMT-03:00 2026","","","",""
"","5447","Deve permitir pesquisar o relatorio Fiscal Entrada Analitico com periodo diario","Relatorio Fiscal Entrada Analitico","Fri Jan 09 13:23:23 GMT-03:00 2026","passed","Fri Jan 09 13:23:28 GMT-03:00 2026","","","",""
"","5166","abre e fecha o formulário de pesquisa corretamente","Listagem de Produção","Fri Jan 09 13:42:21 GMT-03:00 2026","passed","Fri Jan 09 13:42:26 GMT-03:00 2026","","Formulário de pesquisa","",""
"","2707","Deve filtrar categorias de receita por ""Inativas""","Testes de Listagem de Categorias","Fri Jan 09 13:30:18 GMT-03:00 2026","passed","Fri Jan 09 13:30:21 GMT-03:00 2026","","","",""
"","22541","Deve realizar baixa completa e verificar status ""Pago""","Testes de Baixa de Despesas","Fri Jan 09 13:31:11 GMT-03:00 2026","passed","Fri Jan 09 13:31:33 GMT-03:00 2026","","","",""
"","3532","deve exibir erro ao tentar salvar sem preencher campos obrigatorios","Cadastro de contador","Fri Jan 09 13:34:14 GMT-03:00 2026","passed","Fri Jan 09 13:34:18 GMT-03:00 2026","","","",""
"","6131","Deve marcar o checkbox da primeira parcela, realizar a baixa e confirmar","Testes da Listagem de Contas a Receber","Fri Jan 09 13:45:14 GMT-03:00 2026","passed","Fri Jan 09 13:45:20 GMT-03:00 2026","","Ações de Baixa e Confirmações","",""
"","2138","Deve acessar a página de cadastro de modelo de prescrição","Modelos de Prescrições - Petshop","Fri Jan 09 13:25:21 GMT-03:00 2026","passed","Fri Jan 09 13:25:23 GMT-03:00 2026","","","",""
"","1944","Deve selecionar e desmarcar todos os registros","Listagem de Devoluções/Vendas de Consignação","Fri Jan 09 13:44:03 GMT-03:00 2026","passed","Fri Jan 09 13:44:05 GMT-03:00 2026","","","",""
"","21236","Deve realizar transferência completa entre contas","Testes de Transferência Entre Contas","Fri Jan 09 13:41:22 GMT-03:00 2026","passed","Fri Jan 09 13:41:43 GMT-03:00 2026","","","",""
"","5967","Deve efetuar pagamento da primeira despesa com status ""Baixar""","Testes de Listagem de Contas a Pagar","Fri Jan 09 13:31:20 GMT-03:00 2026","passed","Fri Jan 09 13:31:26 GMT-03:00 2026","","","",""
"","154974","Deve abrir o dropdown e selecionar a opção ""Excluir""","Testes de Listagem de Contas a Pagar","Fri Jan 09 13:34:17 GMT-03:00 2026","failed","Fri Jan 09 13:36:52 GMT-03:00 2026","","","",""
"","7082","deve exibir erro ao tentar salvar sem preencher campos obrigatórios","Cadastro de Perfil de Acesso","Fri Jan 09 13:33:47 GMT-03:00 2026","passed","Fri Jan 09 13:33:54 GMT-03:00 2026","","","",""
"","174013","realiza fluxo completo da NFe devolucao trocas","Cadastro NFe Devolução","Fri Jan 09 13:46:52 GMT-03:00 2026","failed","Fri Jan 09 13:49:46 GMT-03:00 2026","","","",""
"","5978","deve validar autocomplete de cidade","Cadastro de empresa","Fri Jan 09 13:24:51 GMT-03:00 2026","passed","Fri Jan 09 13:24:57 GMT-03:00 2026","","","",""
"","154603","Deve realizar a exclusão com sucesso e validar que o tamanho da tabela diminuiu","Testes da Listagem de Contas a Receber","Fri Jan 09 13:45:57 GMT-03:00 2026","failed","Fri Jan 09 13:48:32 GMT-03:00 2026","","Exclusão e Confirmações","",""
"","17417","Realizar cadastro de Fornecedor","Cadastro de Fornecedor","Fri Jan 09 13:31:41 GMT-03:00 2026","passed","Fri Jan 09 13:31:58 GMT-03:00 2026","","","",""
"","4665","aplica filtro por CNPJ e valida resultado","Listagem de empresas","Fri Jan 09 13:25:54 GMT-03:00 2026","passed","Fri Jan 09 13:25:59 GMT-03:00 2026","","","",""
"","15349","permite pesquisar cliente e vendedor via autocomplete","Cadastro de venda","Fri Jan 09 13:22:56 GMT-03:00 2026","passed","Fri Jan 09 13:23:11 GMT-03:00 2026","","","",""
"","17000","Deve exibir a tela de Extrato de Consignação com todos os elementos principais","Consignação > Extrato","Fri Jan 09 13:42:23 GMT-03:00 2026","passed","Fri Jan 09 13:42:40 GMT-03:00 2026","","","",""
"","7680","abre a edicao do primeiro registro da listagem","Listagem NFe","Fri Jan 09 14:39:58 GMT-03:00 2026","passed","Fri Jan 09 14:40:06 GMT-03:00 2026","","","",""
"","21728","deve exibir as abas e botoes principais do formulario","Cadastro de funcionário","Fri Jan 09 13:26:25 GMT-03:00 2026","passed","Fri Jan 09 13:26:46 GMT-03:00 2026","","","",""
"","4671","deve permitir navegar entre todas as abas do formulario","Cadastro de usuário","Fri Jan 09 13:32:06 GMT-03:00 2026","passed","Fri Jan 09 13:32:11 GMT-03:00 2026","","","",""
"","30550","Deve exibir os filtros e acoes disponiveis para o relatorio de Aniversariantes","Relatorio de Aniversariantes","Fri Jan 09 13:23:04 GMT-03:00 2026","passed","Fri Jan 09 13:23:35 GMT-03:00 2026","","","",""
"","3417","Deve abrir o dropdown e selecionar a opção ""Detalhes do título""","Testes de Listagem de Contas a Pagar","Fri Jan 09 13:31:40 GMT-03:00 2026","passed","Fri Jan 09 13:31:43 GMT-03:00 2026","","","",""
"","6933","deve editar usuario existente e validar alteracao","Cadastro de usuário","Fri Jan 09 13:32:22 GMT-03:00 2026","skipped","Fri Jan 09 13:32:29 GMT-03:00 2026","","","",""
"","20903","deve realizar cadastro completo de cartao apenas com campos obrigatorios","Cadastro de cartão","Fri Jan 09 13:23:47 GMT-03:00 2026","failed","Fri Jan 09 13:24:07 GMT-03:00 2026","","","",""
"","13646","exibe a listagem e permite abrir o formulario de filtros","Listagem de justificativas","Fri Jan 09 13:30:13 GMT-03:00 2026","passed","Fri Jan 09 13:30:26 GMT-03:00 2026","","","",""
"","32200","deve realizar cadastro completo de funcionario","Cadastro de funcionário","Fri Jan 09 13:26:47 GMT-03:00 2026","passed","Fri Jan 09 13:27:19 GMT-03:00 2026","","","",""
"","34821","Deve realizar um novo balanco","Balanco","Fri Jan 09 13:35:11 GMT-03:00 2026","passed","Fri Jan 09 13:35:46 GMT-03:00 2026","","","",""
"","4162","deve permitir clicar no botão de sincronizar dados","Sincronização - Responsável Técnico","Fri Jan 09 13:34:58 GMT-03:00 2026","passed","Fri Jan 09 13:35:02 GMT-03:00 2026","","","",""
"","21523","Deve abrir o modal de novo cadastro ao clicar no botão ""Novo Cadastro""","Testes da Listagem de Contas a Receber","Fri Jan 09 13:44:48 GMT-03:00 2026","passed","Fri Jan 09 13:45:10 GMT-03:00 2026","","Ações de Cadastro","",""
"","15408","Deve preencher o formulário de Nova Receita com Categoria: RECEITA e Forma de Pagamento: DEPÓSITO BANCÁRIO","Cadastro de Nova Receita","Fri Jan 09 13:29:11 GMT-03:00 2026","passed","Fri Jan 09 13:29:26 GMT-03:00 2026","","","",""
"","4979","filtra por período e valida que o parâmetro foi enviado","Listagem de Produção","Fri Jan 09 13:42:51 GMT-03:00 2026","passed","Fri Jan 09 13:42:56 GMT-03:00 2026","","Pesquisa por filtros","",""
"","24368","Deve editar completamente uma despesa e salvar","Edição Completa de Despesa","Fri Jan 09 13:30:01 GMT-03:00 2026","passed","Fri Jan 09 13:30:25 GMT-03:00 2026","","","",""
"","2044","Deve exibir o botão Gerar PDF","Financeiro > Fluxo de Caixa","Fri Jan 09 13:28:17 GMT-03:00 2026","passed","Fri Jan 09 13:28:19 GMT-03:00 2026","","","",""
"","5716","Deve permitir pesquisar o relatorio de Mais Vendidos com periodo diario","Relatorio de Mais Vendidos","Fri Jan 09 13:24:46 GMT-03:00 2026","passed","Fri Jan 09 13:24:52 GMT-03:00 2026","","","",""
"","4767","navega para novo cadastro ao clicar no botao Novo Cadastro","Listagem de empresas","Fri Jan 09 13:25:44 GMT-03:00 2026","passed","Fri Jan 09 13:25:49 GMT-03:00 2026","","","",""
"","16120","Deve preencher o formulário de Nova Receita com Categoria: RECEITA e Forma de Pagamento: OUTROS","Cadastro de Nova Receita","Fri Jan 09 13:27:53 GMT-03:00 2026","passed","Fri Jan 09 13:28:09 GMT-03:00 2026","","","",""
"","4639","filtra por código e valida que a requisição foi enviada","Listagem de Produção","Fri Jan 09 13:42:31 GMT-03:00 2026","passed","Fri Jan 09 13:42:36 GMT-03:00 2026","","Pesquisa por filtros","",""
"","162352","exclui dois ou mais grupos customizados sem remover os padrões","Compras e Estoque > Produtos > Grupos","Fri Jan 09 13:33:47 GMT-03:00 2026","failed","Fri Jan 09 13:36:29 GMT-03:00 2026","","","",""
"","20732","Deve exibir os filtros e acoes disponiveis para o relatorio de Movimentacao de Estoque","Relatorio de Movimentacao de Estoque","Fri Jan 09 13:27:24 GMT-03:00 2026","passed","Fri Jan 09 13:27:44 GMT-03:00 2026","","","",""
"","2800","Deve clicar no botão de nova categoria de despesa","Testes de Listagem de Categorias","Fri Jan 09 13:30:09 GMT-03:00 2026","passed","Fri Jan 09 13:30:11 GMT-03:00 2026","","","",""
"","3576","Deve acessar a página de pesquisa de animal","Painel de Atendimento - Petshop","Fri Jan 09 13:25:57 GMT-03:00 2026","passed","Fri Jan 09 13:26:00 GMT-03:00 2026","","","",""
"","2018","abre o modal de novo cadastro ao clicar no botao Novo Cadastro","Listagem de formas de pagamento","Fri Jan 09 13:29:28 GMT-03:00 2026","passed","Fri Jan 09 13:29:30 GMT-03:00 2026","","","",""
"","2092","seleciona e limpa todos os checkboxes da tabela","Listagem de usuários","Fri Jan 09 13:33:17 GMT-03:00 2026","passed","Fri Jan 09 13:33:19 GMT-03:00 2026","","","",""
"","2079","Deve preencher formulário de cadastro de atestado/termo","Cadastro de Atestados e Termos - Petshop","Fri Jan 09 13:23:56 GMT-03:00 2026","passed","Fri Jan 09 13:23:58 GMT-03:00 2026","","","",""
"","2642","Deve preencher formulário de cadastro de tipo de atendimento","Tipos de Atendimento - Petshop","Fri Jan 09 13:46:46 GMT-03:00 2026","passed","Fri Jan 09 13:46:49 GMT-03:00 2026","","","",""
"","153224","Deve preencher todos os campos do formulário de recibo","Testes de Recibo","Fri Jan 09 13:38:37 GMT-03:00 2026","failed","Fri Jan 09 13:41:11 GMT-03:00 2026","","","",""
"","2971","Deve desativar uma conta ativa","Testes de Edição de Conta Corrente","Fri Jan 09 13:27:12 GMT-03:00 2026","broken","Fri Jan 09 13:27:15 GMT-03:00 2026","","","",""
"","3468","deve exibir as tabs de Lucro Realizado e Lucro Projetado","Meu Lucro - Dashboard Financeiro","Fri Jan 09 13:56:49 GMT-03:00 2026","passed","Fri Jan 09 13:56:53 GMT-03:00 2026","","","",""
"","3553","Deve abrir o dropdown e selecionar a opção ""Editar""","Testes de Listagem de Contas a Pagar","Fri Jan 09 13:31:36 GMT-03:00 2026","passed","Fri Jan 09 13:31:40 GMT-03:00 2026","","","",""
"","5331","Deve exibir o popup de confirmação e cancelar a ação de baixa","Testes da Listagem de Contas a Receber","Fri Jan 09 13:45:20 GMT-03:00 2026","passed","Fri Jan 09 13:45:25 GMT-03:00 2026","","Ações de Baixa e Confirmações","",""
"","23427","Deve fazer download do XML definindo período dos últimos 30 dias","NFC-e > Download XML","Fri Jan 09 13:27:37 GMT-03:00 2026","passed","Fri Jan 09 13:28:00 GMT-03:00 2026","","","",""
"","2394","abre o modal de exclusao ao selecionar registros e cancela a acao","Listagem de funcionários","Fri Jan 09 13:30:59 GMT-03:00 2026","passed","Fri Jan 09 13:31:01 GMT-03:00 2026","","","",""
"","153404","Deve expandir os detalhes de pagamento e verificar tabela vazia","Testes do Modal de Recebimento","Fri Jan 09 13:35:33 GMT-03:00 2026","failed","Fri Jan 09 13:38:06 GMT-03:00 2026","","","",""
"","3437","Deve permitir voltar para listagem","Gestor de Preços - Cadastro","Fri Jan 09 13:27:59 GMT-03:00 2026","passed","Fri Jan 09 13:28:03 GMT-03:00 2026","","Cadastro de Reajuste de Preço","",""
"","1901","Deve preencher formulário de cadastro de modelo de prescrição","Modelos de Prescrições - Petshop","Fri Jan 09 13:25:23 GMT-03:00 2026","passed","Fri Jan 09 13:25:25 GMT-03:00 2026","","","",""
"","5195","Deve permitir acessar novo cadastro","Gestor de Promoções - Listagem","Fri Jan 09 13:29:05 GMT-03:00 2026","passed","Fri Jan 09 13:29:10 GMT-03:00 2026","","Listagem de Promoções","",""
"","7075","deve permitir excluir perfil do usuario","Cadastro de usuário","Fri Jan 09 13:32:36 GMT-03:00 2026","passed","Fri Jan 09 13:32:43 GMT-03:00 2026","","","",""
"","166200","Deve verificar os dados principais do modal","Testes do Modal de Recebimento","Fri Jan 09 13:32:09 GMT-03:00 2026","failed","Fri Jan 09 13:34:55 GMT-03:00 2026","","","",""
"","14737","Deve criar um novo modelo de contrato","Cadastro de Modelos de Contrato","Fri Jan 09 13:28:09 GMT-03:00 2026","passed","Fri Jan 09 13:28:24 GMT-03:00 2026","","","",""
"","4899","Deve preencher o formulário de cadastro de IPI Ajuste Apuração","SPED - IPI Ajuste Apuração","Fri Jan 09 13:25:34 GMT-03:00 2026","passed","Fri Jan 09 13:25:39 GMT-03:00 2026","","","",""
"","5184","aplica filtro por Fantasia e valida resultado","Listagem de empresas","Fri Jan 09 13:25:59 GMT-03:00 2026","passed","Fri Jan 09 13:26:04 GMT-03:00 2026","","","",""
"","21235","exibe a listagem e permite abrir os filtros","Listagem de produtos","Fri Jan 09 13:36:31 GMT-03:00 2026","passed","Fri Jan 09 13:36:52 GMT-03:00 2026","","","",""
"","154980","Não deve excluir a despesa se a confirmação for cancelada","Testes de Listagem de Contas a Pagar","Fri Jan 09 13:39:28 GMT-03:00 2026","failed","Fri Jan 09 13:42:03 GMT-03:00 2026","","","",""
"","1445","Deve validar estrutura da tabela de listagem","Modelos de Prescrições - Petshop","Fri Jan 09 13:25:27 GMT-03:00 2026","passed","Fri Jan 09 13:25:29 GMT-03:00 2026","","","",""
"","1728","Deve navegar entre as abas (Painel de Atendimentos e Vacinação)","Painel de Atendimento - Petshop","Fri Jan 09 13:25:55 GMT-03:00 2026","passed","Fri Jan 09 13:25:57 GMT-03:00 2026","","","",""
"","14317","Deve preencher o formulário de Nova Receita com Categoria: RECEITA e Forma de Pagamento: PIX OFF","Cadastro de Nova Receita","Fri Jan 09 13:29:42 GMT-03:00 2026","passed","Fri Jan 09 13:29:57 GMT-03:00 2026","","","",""
"","12197","deve realizar cadastro completo de contador com todos os campos","Cadastro de contador","Fri Jan 09 13:33:56 GMT-03:00 2026","passed","Fri Jan 09 13:34:08 GMT-03:00 2026","","","",""
"","8659","deve realizar cadastro completo de perfil com todos os campos","Cadastro de Perfil de Acesso","Fri Jan 09 13:31:03 GMT-03:00 2026","passed","Fri Jan 09 13:31:12 GMT-03:00 2026","","","",""
"","17712","Deve realizar lançamento conta com operação CRÉDITO","Testes de Lançamento Conta","Fri Jan 09 13:28:58 GMT-03:00 2026","failed","Fri Jan 09 13:29:16 GMT-03:00 2026","","","",""
"","9831","Deve criar e depois excluir um atributo personalizado sem tocar em Cor/Tamanho","Compras e Estoque > Produtos > Atributos","Fri Jan 09 13:23:11 GMT-03:00 2026","passed","Fri Jan 09 13:23:21 GMT-03:00 2026","","","",""
"","16191","exibe a listagem e permite abrir o formulario de filtros","Listagem de cartões","Fri Jan 09 13:24:58 GMT-03:00 2026","passed","Fri Jan 09 13:25:14 GMT-03:00 2026","","","",""
"","25162","abre formulario de NFe devolucao nota fiscal saida apos pesquisar e selecionar","Cadastro NFe Devolução","Fri Jan 09 13:39:34 GMT-03:00 2026","passed","Fri Jan 09 13:39:59 GMT-03:00 2026","","","",""
"","5231","Deve desfazer a baixa de uma parcela, fechar o modal e verificar o status ""Baixar""","Testes de Baixa de Despesas","Fri Jan 09 13:31:34 GMT-03:00 2026","passed","Fri Jan 09 13:31:39 GMT-03:00 2026","","","",""
"","9644","deve localizar produção finalizada na listagem, abrir edição e reverter produção","Cadastro de Produção","Fri Jan 09 13:41:46 GMT-03:00 2026","passed","Fri Jan 09 13:41:56 GMT-03:00 2026","","","",""
"","29032","Deve alterar CFOP do item na importação","Cadastro de compra - Importação XML","Fri Jan 09 13:30:38 GMT-03:00 2026","passed","Fri Jan 09 13:31:07 GMT-03:00 2026","","","",""
"","10453","Deve exibir erro ao tentar transferir de uma conta para ela mesma","Testes de Transferência Entre Contas","Fri Jan 09 13:42:00 GMT-03:00 2026","passed","Fri Jan 09 13:42:10 GMT-03:00 2026","","","",""
"","9665","deve realizar cadastro completo de forma de pagamento apenas com campos obrigatorios","Cadastro de forma de pagamento","Fri Jan 09 13:25:49 GMT-03:00 2026","passed","Fri Jan 09 13:25:59 GMT-03:00 2026","","","",""
"","4536","aplica filtro por nome e limpa o campo apos a pesquisa","Listagem de clientes","Fri Jan 09 13:47:23 GMT-03:00 2026","passed","Fri Jan 09 13:47:27 GMT-03:00 2026","","","",""
"","7666","deve exibir erro ao tentar salvar sem preencher campos obrigatorios","Cadastro de funcionário","Fri Jan 09 13:27:19 GMT-03:00 2026","passed","Fri Jan 09 13:27:27 GMT-03:00 2026","","","",""
"","12487","Realizar cadastro de cliente","Cadastro de cliente","Fri Jan 09 13:45:49 GMT-03:00 2026","passed","Fri Jan 09 13:46:01 GMT-03:00 2026","","","",""
"","3767","Deve verificar que os campos estão visíveis na primeira linha","Testes da Listagem de Contas a Receber","Fri Jan 09 13:45:29 GMT-03:00 2026","passed","Fri Jan 09 13:45:33 GMT-03:00 2026","","Validações de Campos e Totalizadores","",""
"","41615","abre formulario de NFe devolucao compra apos pesquisar e selecionar","Cadastro NFe Devolução","Fri Jan 09 13:30:17 GMT-03:00 2026","passed","Fri Jan 09 13:30:59 GMT-03:00 2026","","","",""
"","10367","deve permitir editar usuario sem alterar senha","Cadastro de usuário","Fri Jan 09 13:32:43 GMT-03:00 2026","passed","Fri Jan 09 13:32:54 GMT-03:00 2026","","","",""
"","3437","acessa a impressao (DANFE) do primeiro registro","Listagem NFe","Fri Jan 09 14:40:06 GMT-03:00 2026","passed","Fri Jan 09 14:40:09 GMT-03:00 2026","","","",""
"","10553","Deve exibir erro ao tentar transferir valor zero","Testes de Transferência Entre Contas","Fri Jan 09 13:42:21 GMT-03:00 2026","passed","Fri Jan 09 13:42:32 GMT-03:00 2026","","","",""
"","26439","Deve abrir a tela de cadastro de devolução/venda","Cadastro de Devolução/Venda de Consignação","Fri Jan 09 13:42:46 GMT-03:00 2026","passed","Fri Jan 09 13:43:13 GMT-03:00 2026","","","",""
"","4837","Deve navegar para o cadastro ao clicar em Novo Cadastro","SPED - ICMS Ajuste Apuração","Fri Jan 09 13:24:30 GMT-03:00 2026","passed","Fri Jan 09 13:24:34 GMT-03:00 2026","","","",""
"","151670","Deve gerar um novo atendimento","Painel de Atendimento - Petshop","Fri Jan 09 13:41:19 GMT-03:00 2026","failed","Fri Jan 09 13:43:51 GMT-03:00 2026","","Testes de novo atendimento quando Gerar atendimento por serviço = sim e registro tempo =horario","",""
"","1698","Deve filtrar atestados e termos por status","Cadastro de Atestados e Termos - Petshop","Fri Jan 09 13:23:51 GMT-03:00 2026","passed","Fri Jan 09 13:23:53 GMT-03:00 2026","","","",""
"","1865","deve validar que existe link de edição na primeira linha da tabela","Listagem de Perfis de Acesso","Fri Jan 09 13:34:34 GMT-03:00 2026","passed","Fri Jan 09 13:34:35 GMT-03:00 2026","","","",""
"","53072","Deve adicionar vínculo na importação","Cadastro de compra - Importação XML","Fri Jan 09 13:29:45 GMT-03:00 2026","failed","Fri Jan 09 13:30:38 GMT-03:00 2026","","","",""
"","2138","Deve realizar upload de arquivo de inventário","SPED - Inventário Base","Fri Jan 09 13:25:07 GMT-03:00 2026","broken","Fri Jan 09 13:25:09 GMT-03:00 2026","","","",""
"","1394","Deve filtrar atestados e termos por descrição","Cadastro de Atestados e Termos - Petshop","Fri Jan 09 13:23:48 GMT-03:00 2026","passed","Fri Jan 09 13:23:49 GMT-03:00 2026","","","",""
"","4045","deve fechar o modal ao clicar no botao Fechar","Cadastro de cartão","Fri Jan 09 13:24:26 GMT-03:00 2026","passed","Fri Jan 09 13:24:30 GMT-03:00 2026","","","",""
"","2414","valida paginacao inicial da listagem","Listagem de empresas","Fri Jan 09 13:25:42 GMT-03:00 2026","passed","Fri Jan 09 13:25:44 GMT-03:00 2026","","","",""
"","23824","Deve exibir a tela de Configurações da NFC-e com todos os elementos principais","NFC-e > Configurações","Fri Jan 09 13:26:52 GMT-03:00 2026","passed","Fri Jan 09 13:27:16 GMT-03:00 2026","","","",""
"","6797","mantem o painel de itens pronto para preenchimento","Cadastro de venda","Fri Jan 09 13:23:11 GMT-03:00 2026","passed","Fri Jan 09 13:23:18 GMT-03:00 2026","","","",""
"","221290","emite e gera carta de correção NFe complementar avulsa","Carta de Correção NFe Complementar","Fri Jan 09 14:26:17 GMT-03:00 2026","failed","Fri Jan 09 14:29:58 GMT-03:00 2026","","","",""
"","5211","Deve permitir pesquisar o relatorio de Contas a Receber com periodo diario","Relatorio de Contas a Receber","Fri Jan 09 13:26:24 GMT-03:00 2026","passed","Fri Jan 09 13:26:29 GMT-03:00 2026","","","",""
"","3358","Deve abrir a página de novo cadastro de despesa","Testes de Listagem de Contas a Pagar","Fri Jan 09 13:31:26 GMT-03:00 2026","passed","Fri Jan 09 13:31:29 GMT-03:00 2026","","","",""
"","53203","cria compra sem pagamentos","Cadastro manual de compra","Fri Jan 09 13:25:33 GMT-03:00 2026","passed","Fri Jan 09 13:26:27 GMT-03:00 2026","","","",""
"","3653","deve abrir e fechar o formulário de pesquisa corretamente","Listagem de Perfis de Acesso","Fri Jan 09 13:34:23 GMT-03:00 2026","passed","Fri Jan 09 13:34:26 GMT-03:00 2026","","","",""
"","10695","Deve cancelar a operação ao clicar no botão Voltar","Testes de Transferência Entre Contas","Fri Jan 09 13:42:10 GMT-03:00 2026","passed","Fri Jan 09 13:42:21 GMT-03:00 2026","","","",""
"","15585","Deve preencher o formulário de Nova Despesa com Categoria: Despesa e Forma de Pagamento: DUPLICATA","Cadastro de Nova Despesa","Fri Jan 09 13:23:10 GMT-03:00 2026","passed","Fri Jan 09 13:23:26 GMT-03:00 2026","","","",""
"","17210","Deve realizar cadastro de novo vínculo fiscal","Testes de Listagem de Vínculo Fiscal","Fri Jan 09 13:37:36 GMT-03:00 2026","passed","Fri Jan 09 13:37:53 GMT-03:00 2026","","","",""
"","10421","exibe sugestoes ao pesquisar produtos","Cadastro de venda","Fri Jan 09 13:23:19 GMT-03:00 2026","passed","Fri Jan 09 13:23:29 GMT-03:00 2026","","","",""
"","19366","deve exibir as abas e botoes principais do formulario","Cadastro de cliente","Fri Jan 09 13:45:26 GMT-03:00 2026","passed","Fri Jan 09 13:45:45 GMT-03:00 2026","","","",""
"","10125","Deve preencher as informações de pagamento com baixa parcial de 20% e salvar","Testes do Modal de Recebimento","Fri Jan 09 13:35:19 GMT-03:00 2026","passed","Fri Jan 09 13:35:29 GMT-03:00 2026","","","",""
"","1990","abre o modal de novo cadastro ao clicar no botao Novo Cadastro","Listagem de cartões","Fri Jan 09 13:25:18 GMT-03:00 2026","passed","Fri Jan 09 13:25:20 GMT-03:00 2026","","","",""
"","27313","Deve acessar a tela de balanco e reverter um balanco em andamento","Reverter Balanço","Fri Jan 09 13:35:47 GMT-03:00 2026","passed","Fri Jan 09 13:36:15 GMT-03:00 2026","","","",""
"","31798","aplica filtro avancado por numero e serie dinamicos","Listagem NFe","Fri Jan 09 14:34:03 GMT-03:00 2026","passed","Fri Jan 09 14:34:35 GMT-03:00 2026","","","",""
"","157437","abre o formulário de novo grupo","Compras e Estoque > Produtos > Grupos","Fri Jan 09 13:31:09 GMT-03:00 2026","failed","Fri Jan 09 13:33:46 GMT-03:00 2026","","","",""
"","19637","Deve exibir a tela de listagem de Valores Declaratórios","SPED > Valores Declaratórios","Fri Jan 09 13:25:46 GMT-03:00 2026","passed","Fri Jan 09 13:26:06 GMT-03:00 2026","","","",""
"","7052","Deve permitir pesquisar o relatorio de Forma Pagamento com periodo diario","Relatorio de Forma Pagamento","Fri Jan 09 13:25:42 GMT-03:00 2026","passed","Fri Jan 09 13:25:49 GMT-03:00 2026","","","",""
"","8640","Cenário 2: Deve filtrar, editar e atualizar dados na aba Produto","Atualizar Dados Fiscais","Fri Jan 09 13:26:51 GMT-03:00 2026","passed","Fri Jan 09 13:27:00 GMT-03:00 2026","","","",""
"","1892","Deve selecionar e desmarcar todos os registros","Listagem de Requisições de Consignação","Fri Jan 09 13:45:20 GMT-03:00 2026","passed","Fri Jan 09 13:45:22 GMT-03:00 2026","","","",""
"","13300","Deve adicionar um produto à requisição após salvar","Cadastro de Requisição de Consignação","Fri Jan 09 13:44:43 GMT-03:00 2026","passed","Fri Jan 09 13:44:56 GMT-03:00 2026","","","",""
"","16011","Deve preencher o formulário de Nova Despesa com Categoria: Despesa e Forma de Pagamento: CARTÃO DE DÉBITO","Cadastro de Nova Despesa","Fri Jan 09 13:23:43 GMT-03:00 2026","passed","Fri Jan 09 13:23:59 GMT-03:00 2026","","","",""
"","7496","Deve pesquisar o periodo atual sem turno e exibir dados em tela","Relatorio de Caixa","Fri Jan 09 13:27:15 GMT-03:00 2026","passed","Fri Jan 09 13:27:23 GMT-03:00 2026","","","",""
"","15119","Deve validar a exibição da tabela de contas a pagar e linhas da tabela","Testes de Listagem de Contas a Pagar","Fri Jan 09 13:30:58 GMT-03:00 2026","passed","Fri Jan 09 13:31:13 GMT-03:00 2026","","","",""
"","14635","Deve exibir a tela de Download do XML com todos os elementos principais","NFC-e > Download XML","Fri Jan 09 13:27:19 GMT-03:00 2026","passed","Fri Jan 09 13:27:34 GMT-03:00 2026","","","",""
"","7663","aplica filtros de grupo e switches e limpa os campos","Listagem de produtos","Fri Jan 09 13:36:52 GMT-03:00 2026","passed","Fri Jan 09 13:37:00 GMT-03:00 2026","","","",""
"","4536","Deve clicar na opção ""Excluir"" do dropdown e verificar o modal de exclusão","Testes da Listagem de Contas a Receber","Fri Jan 09 13:45:52 GMT-03:00 2026","passed","Fri Jan 09 13:45:57 GMT-03:00 2026","","Ações de Dropdown","",""
"","2792","Deve filtrar categorias de despesa por ""Inativas""","Testes de Listagem de Categorias","Fri Jan 09 13:30:27 GMT-03:00 2026","passed","Fri Jan 09 13:30:30 GMT-03:00 2026","","","",""
"","1856","Deve validar resumo de quantidades e valores","Gestão de Ordem de Serviço - Petshop","Fri Jan 09 13:24:34 GMT-03:00 2026","passed","Fri Jan 09 13:24:36 GMT-03:00 2026","","","",""
"","16506","Deve preencher o formulário de Nova Despesa com Categoria: Despesa e Forma de Pagamento: PIX OFF","Cadastro de Nova Despesa","Fri Jan 09 13:26:03 GMT-03:00 2026","passed","Fri Jan 09 13:26:19 GMT-03:00 2026","","","",""
"","158105","realiza fluxo completo da NFe normal movimentacao","Cadastro NFe Normal","Fri Jan 09 14:04:09 GMT-03:00 2026","failed","Fri Jan 09 14:06:47 GMT-03:00 2026","","","",""
"","4278","deve fechar o modal ao clicar no botão Fechar","Cadastro de Perfil de Acesso","Fri Jan 09 13:33:54 GMT-03:00 2026","passed","Fri Jan 09 13:33:59 GMT-03:00 2026","","","",""
"","4887","Deve permitir pesquisar o relatorio Fiscal Saida Sintetico com periodo diario","Relatorio Fiscal Saida Sintetico","Fri Jan 09 13:25:24 GMT-03:00 2026","passed","Fri Jan 09 13:25:29 GMT-03:00 2026","","","",""
"","2292","Deve validar estrutura da tabela de listagem","Cadastro de Atestados e Termos - Petshop","Fri Jan 09 13:24:01 GMT-03:00 2026","passed","Fri Jan 09 13:24:03 GMT-03:00 2026","","","",""
"","31939","Realizar cadastro de produto valido informando o vinculo fiscal","Cadastro de produtos","Fri Jan 09 13:38:07 GMT-03:00 2026","passed","Fri Jan 09 13:38:39 GMT-03:00 2026","","","",""
"","6358","Deve gerar o relatorio de Caixa do tipo sintetico","Relatorio de Caixa","Fri Jan 09 13:27:09 GMT-03:00 2026","passed","Fri Jan 09 13:27:15 GMT-03:00 2026","","","",""
"","28514","abre formulario de NFe devolucao movimentacao apos pesquisar e selecionar","Cadastro NFe Devolução","Fri Jan 09 13:35:01 GMT-03:00 2026","passed","Fri Jan 09 13:35:29 GMT-03:00 2026","","","",""
"","14491","exibe a listagem e permite abrir o formulario de filtros","Listagem de formas de pagamento","Fri Jan 09 13:29:09 GMT-03:00 2026","passed","Fri Jan 09 13:29:24 GMT-03:00 2026","","","",""
"","3686","Deve localizar e clicar no botão ""PARCIAL"" da primeira linha com status PARCIAL","Testes do Modal de Recebimento","Fri Jan 09 13:35:29 GMT-03:00 2026","passed","Fri Jan 09 13:35:33 GMT-03:00 2026","","","",""
"","19888","Deve abrir a listagem de atributos e mostrar o filtro","Compras e Estoque > Produtos > Atributos","Fri Jan 09 13:22:41 GMT-03:00 2026","passed","Fri Jan 09 13:23:01 GMT-03:00 2026","","","",""
"","4577","Deve permitir pesquisar o relatorio de Listagem dos Clientes sem filtros","Relatorio de Listagem dos Clientes","Fri Jan 09 13:25:12 GMT-03:00 2026","passed","Fri Jan 09 13:25:17 GMT-03:00 2026","","","",""
"","15580","Deve preencher o formulário de Nova Receita com Categoria: RECEITA e Forma de Pagamento: PIX COBRANCA","Cadastro de Nova Receita","Fri Jan 09 13:28:55 GMT-03:00 2026","passed","Fri Jan 09 13:29:10 GMT-03:00 2026","","","",""
"","13","valida opção Clonar NFe do dropdown Mais Ações","Cadastro NFe - Validações Dropdown Mais Ações","Fri Jan 09 14:07:30 GMT-03:00 2026","broken","Fri Jan 09 14:07:30 GMT-03:00 2026","","","",""
"","4518","aplica filtro por nome e limpa o campo apos a pesquisa","Listagem de usuários","Fri Jan 09 13:33:13 GMT-03:00 2026","passed","Fri Jan 09 13:33:17 GMT-03:00 2026","","","",""
"","9713","Deve acessar a tela de listagem de Vacinas","Vacinas - Petshop","Fri Jan 09 13:46:54 GMT-03:00 2026","passed","Fri Jan 09 13:47:04 GMT-03:00 2026","","","",""
"","4930","Deve cadastrar reajuste com filtro de tipo NOTAS DE ENTRADA","Gestor de Preços - Cadastro","Fri Jan 09 13:28:03 GMT-03:00 2026","passed","Fri Jan 09 13:28:08 GMT-03:00 2026","","Cadastro de Reajuste de Preço","",""
"","3533","bloqueia exclusao sem selecionar registros","Listagem NFe","Fri Jan 09 14:34:35 GMT-03:00 2026","passed","Fri Jan 09 14:34:39 GMT-03:00 2026","","","",""
"","7714","Deve cadastrar promoção com sucesso","Gestor de Promoções - Cadastro","Fri Jan 09 13:29:28 GMT-03:00 2026","passed","Fri Jan 09 13:29:36 GMT-03:00 2026","","Cadastro de Promoção","",""
"","5136","deve fechar o modal ao clicar no botao Fechar","Cadastro de forma de pagamento","Fri Jan 09 13:26:14 GMT-03:00 2026","passed","Fri Jan 09 13:26:20 GMT-03:00 2026","","","",""
"","3390","Deve validar a exibição dos totalizadores corretamente","Testes de Listagem de Contas a Pagar","Fri Jan 09 13:31:13 GMT-03:00 2026","passed","Fri Jan 09 13:31:17 GMT-03:00 2026","","","",""
"","15504","Deve exibir os elementos basicos do relatorio de Ultimas Compras","Relatorio de Ultimas Compras","Fri Jan 09 13:26:12 GMT-03:00 2026","passed","Fri Jan 09 13:26:28 GMT-03:00 2026","","","",""
"","3537","Deve validar os totalizadores de valores e rótulos","Testes da Listagem de Contas a Receber","Fri Jan 09 13:45:25 GMT-03:00 2026","passed","Fri Jan 09 13:45:29 GMT-03:00 2026","","Validações de Campos e Totalizadores","",""
"","15441","Deve preencher o formulário de Nova Receita com Categoria: RECEITA e Forma de Pagamento: TRANSFERÊNCIA BANCÁRIA","Cadastro de Nova Receita","Fri Jan 09 13:29:27 GMT-03:00 2026","passed","Fri Jan 09 13:29:42 GMT-03:00 2026","","","",""
"","20993","deve exibir a tela Meu Lucro corretamente","Meu Lucro - Dashboard Financeiro","Fri Jan 09 13:56:21 GMT-03:00 2026","passed","Fri Jan 09 13:56:42 GMT-03:00 2026","","","",""
"","3879","Deve pesquisar por um período específico e exibir resultados","Financeiro > Fluxo de Caixa","Fri Jan 09 13:28:13 GMT-03:00 2026","passed","Fri Jan 09 13:28:17 GMT-03:00 2026","","","",""
"","38546","Deve aplicar grupo para todos os itens na importação","Cadastro de compra - Importação XML","Fri Jan 09 13:28:07 GMT-03:00 2026","passed","Fri Jan 09 13:28:46 GMT-03:00 2026","","","",""
"","41605","cadastra produto com venda desativada e valida o estado apos salvar","Cadastro de produtos","Fri Jan 09 13:37:16 GMT-03:00 2026","passed","Fri Jan 09 13:37:57 GMT-03:00 2026","","","",""
"","15324","Deve acessar o Painel de Atendimento e validar elementos principais","Painel de Atendimento - Petshop","Fri Jan 09 13:25:32 GMT-03:00 2026","passed","Fri Jan 09 13:25:47 GMT-03:00 2026","","","",""
"","5597","limpa todos os campos do formulário de pesquisa","Listagem de Produção","Fri Jan 09 13:42:26 GMT-03:00 2026","passed","Fri Jan 09 13:42:31 GMT-03:00 2026","","Formulário de pesquisa","",""
"","3919","deve permitir navegar entre todas as abas do formulario","Cadastro de funcionário","Fri Jan 09 13:27:27 GMT-03:00 2026","passed","Fri Jan 09 13:27:31 GMT-03:00 2026","","","",""
"","7434","deve editar funcionario existente e validar alteracao","Cadastro de funcionário","Fri Jan 09 13:27:54 GMT-03:00 2026","passed","Fri Jan 09 13:28:01 GMT-03:00 2026","","","",""
"","15935","Deve exibir os filtros e acoes disponiveis para o relatorio de Forma Pagamento","Relatorio de Forma Pagamento","Fri Jan 09 13:25:26 GMT-03:00 2026","passed","Fri Jan 09 13:25:42 GMT-03:00 2026","","","",""
"","5299","deve retornar para listagem ao clicar em Voltar","Cadastro de empresa","Fri Jan 09 13:24:40 GMT-03:00 2026","passed","Fri Jan 09 13:24:46 GMT-03:00 2026","","","",""
"","18772","deve exibir os botoes principais do formulario","Cadastro de forma de pagamento","Fri Jan 09 13:25:30 GMT-03:00 2026","passed","Fri Jan 09 13:25:49 GMT-03:00 2026","","","",""
"","157301","deve realizar cadastro com tipo BOLETO","Cadastro de forma de pagamento","Fri Jan 09 13:26:30 GMT-03:00 2026","failed","Fri Jan 09 13:29:07 GMT-03:00 2026","","","",""
"","5561","Deve permitir pesquisar o relatorio de Comissao com periodo diario","Relatorio de Comissao","Fri Jan 09 13:23:31 GMT-03:00 2026","passed","Fri Jan 09 13:23:37 GMT-03:00 2026","","","",""
"","5327","Deve permitir ordenar por descrição (crescente)","Gestor de Promoções - Listagem","Fri Jan 09 13:29:00 GMT-03:00 2026","passed","Fri Jan 09 13:29:05 GMT-03:00 2026","","Listagem de Promoções","",""
"","19332","Login deve ser realizado com sucesso usando credenciais validas","Login com credenciais validas","Fri Jan 09 13:23:04 GMT-03:00 2026","passed","Fri Jan 09 13:23:23 GMT-03:00 2026","","","",""
"","6267","Deve exibir erro ao tentar salvar sem preencher campos obrigatórios","Testes de Recibo","Fri Jan 09 13:41:14 GMT-03:00 2026","passed","Fri Jan 09 13:41:21 GMT-03:00 2026","","","",""
"","5986","edita um produto pela listagem e valida a alteracao","Cadastro de produtos","Fri Jan 09 13:37:57 GMT-03:00 2026","passed","Fri Jan 09 13:38:03 GMT-03:00 2026","","","",""
"","6382","Deve permitir pesquisar o relatorio de Listagem dos Clientes com filtros basicos","Relatorio de Listagem dos Clientes","Fri Jan 09 13:25:17 GMT-03:00 2026","passed","Fri Jan 09 13:25:23 GMT-03:00 2026","","","",""
"","215109","emite e cancela NFe devolucao avulsa","Cancelamento NFe Devolução","Fri Jan 09 14:15:16 GMT-03:00 2026","failed","Fri Jan 09 14:18:51 GMT-03:00 2026","","","",""
"","2365","alerta quando tentar excluir sem selecionar registros","Listagem de empresas","Fri Jan 09 13:25:37 GMT-03:00 2026","passed","Fri Jan 09 13:25:39 GMT-03:00 2026","","","",""
"","8233","Deve validar que o modal está visível ao acessar a página","Testes de Transferência Entre Contas","Fri Jan 09 13:41:43 GMT-03:00 2026","passed","Fri Jan 09 13:41:51 GMT-03:00 2026","","","",""
"","5303","Deve permitir pesquisar o relatorio de Movimentacao de Estoque com periodo diario","Relatorio de Movimentacao de Estoque","Fri Jan 09 13:27:45 GMT-03:00 2026","passed","Fri Jan 09 13:27:50 GMT-03:00 2026","","","",""
"","2567","Deve filtrar tipos de atendimento por nome","Tipos de Atendimento - Petshop","Fri Jan 09 13:46:42 GMT-03:00 2026","passed","Fri Jan 09 13:46:45 GMT-03:00 2026","","","",""
"","16247","deve exibir as abas e botoes principais do formulario","Cadastro de usuário","Fri Jan 09 13:31:20 GMT-03:00 2026","passed","Fri Jan 09 13:31:36 GMT-03:00 2026","","","",""
"","30294","Deve adicionar grupo na importação","Cadastro de compra - Importação XML","Fri Jan 09 13:29:14 GMT-03:00 2026","passed","Fri Jan 09 13:29:45 GMT-03:00 2026","","","",""
"","16947","Deve preencher o formulário de Nova Despesa com Categoria: Despesa e Forma de Pagamento: CARTÃO DE CRÉDITO","Cadastro de Nova Despesa","Fri Jan 09 13:23:26 GMT-03:00 2026","passed","Fri Jan 09 13:23:43 GMT-03:00 2026","","","",""
"","2996","Deve exibir paginacao quando houver multiplas paginas","Relatorio de Ultimas Compras","Fri Jan 09 13:26:31 GMT-03:00 2026","passed","Fri Jan 09 13:26:34 GMT-03:00 2026","","","",""
"","7097","Deve permitir gerar o relatorio de Inventario","Relatorio de Inventario","Fri Jan 09 13:28:08 GMT-03:00 2026","passed","Fri Jan 09 13:28:15 GMT-03:00 2026","","","",""
"","3738","aplica filtro e valida resultado","Listagem de formas de pagamento","Fri Jan 09 13:29:24 GMT-03:00 2026","passed","Fri Jan 09 13:29:28 GMT-03:00 2026","","","",""
"","218597","emite e gera carta de correção NFe ajuste avulsa","Carta de Correção NFe Ajuste","Fri Jan 09 14:22:36 GMT-03:00 2026","failed","Fri Jan 09 14:26:14 GMT-03:00 2026","","","",""
"","198916","realiza fluxo completo da NFe de ajuste avulsa","Cadastro NFe Ajuste","Fri Jan 09 13:22:16 GMT-03:00 2026","failed","Fri Jan 09 13:25:35 GMT-03:00 2026","","","",""
"","11015","Deve preencher todas as informações de pagamento, clicar em voltar e verificar que o status permanece ""Baixar""","Testes do Modal de Recebimento","Fri Jan 09 13:34:56 GMT-03:00 2026","passed","Fri Jan 09 13:35:07 GMT-03:00 2026","","","",""
"","2641","Deve voltar da página de cadastro para listagem","Tipos de Atendimento - Petshop","Fri Jan 09 13:46:49 GMT-03:00 2026","passed","Fri Jan 09 13:46:52 GMT-03:00 2026","","","",""
"","4653","filtra por status FINALIZADO e valida resultados","Listagem de Produção","Fri Jan 09 13:42:46 GMT-03:00 2026","passed","Fri Jan 09 13:42:51 GMT-03:00 2026","","Pesquisa por filtros","",""
"","3625","Deve alterar o último número da remessa, salvar e validar a alteração","Testes de Edição de Conta Corrente","Fri Jan 09 13:27:15 GMT-03:00 2026","broken","Fri Jan 09 13:27:19 GMT-03:00 2026","","","",""
"","4392","deve realizar cadastro completo de justificativa apenas com descricao","Cadastro de justificativa","Fri Jan 09 13:29:56 GMT-03:00 2026","passed","Fri Jan 09 13:30:00 GMT-03:00 2026","","","",""
"","16577","Deve preencher o formulário de Nova Despesa com Categoria: Despesa e Forma de Pagamento: OUTROS","Cadastro de Nova Despesa","Fri Jan 09 13:24:00 GMT-03:00 2026","passed","Fri Jan 09 13:24:16 GMT-03:00 2026","","","",""
"","6305","Deve permitir pesquisar o relatorio de Projecao de Cartoes com periodo diario","Relatorio de Projecao de Cartoes","Fri Jan 09 13:26:03 GMT-03:00 2026","passed","Fri Jan 09 13:26:10 GMT-03:00 2026","","","",""
"","17900","Deve exibir a tela de DRE com todos os elementos principais","Financeiro > DRE","Fri Jan 09 13:26:24 GMT-03:00 2026","passed","Fri Jan 09 13:26:42 GMT-03:00 2026","","","",""
"","10312","deve realizar cadastro com tipo CARTAO","Cadastro de forma de pagamento","Fri Jan 09 13:26:20 GMT-03:00 2026","passed","Fri Jan 09 13:26:30 GMT-03:00 2026","","","",""
"","40512","Deve acessar a tela de listagem de Atestados e Termos","Cadastro de Atestados e Termos - Petshop","Fri Jan 09 13:23:07 GMT-03:00 2026","passed","Fri Jan 09 13:23:48 GMT-03:00 2026","","","",""
"","15726","Deve exibir os filtros e acoes disponiveis para o relatorio de Inventario","Relatorio de Inventario","Fri Jan 09 13:27:52 GMT-03:00 2026","passed","Fri Jan 09 13:28:08 GMT-03:00 2026","","","",""
"","12627","Deve adicionar um produto à devolução/venda após o cadastro","Cadastro de Devolução/Venda de Consignação","Fri Jan 09 13:43:22 GMT-03:00 2026","passed","Fri Jan 09 13:43:34 GMT-03:00 2026","","","",""
"","21489","Deve exibir a tela de Extrato com todos os elementos principais","Financeiro > Extrato","Fri Jan 09 13:27:25 GMT-03:00 2026","passed","Fri Jan 09 13:27:46 GMT-03:00 2026","","","",""
"","43721","Deve preencher o formulário de Nova Despesa com Categoria: Despesa e Forma de Pagamento: ESPÉCIE","Cadastro de Nova Despesa","Fri Jan 09 13:22:26 GMT-03:00 2026","passed","Fri Jan 09 13:23:09 GMT-03:00 2026","","","",""
"","4746","Deve cancelar o cadastro clicando em Voltar","SPED > Valores Declaratórios","Fri Jan 09 13:26:14 GMT-03:00 2026","passed","Fri Jan 09 13:26:18 GMT-03:00 2026","","","",""
"","3535","Deve selecionar a Caixinha","Cadastro de Contas","Fri Jan 09 13:26:13 GMT-03:00 2026","passed","Fri Jan 09 13:26:17 GMT-03:00 2026","","","",""
"","6791","Deve listar vendas no relatorio analitico sem informar turno","Relatorio de Caixa","Fri Jan 09 13:27:23 GMT-03:00 2026","passed","Fri Jan 09 13:27:30 GMT-03:00 2026","","","",""
"","24105","Deve excluir em lote atributos personalizados sem tocar em Cor/Tamanho","Compras e Estoque > Produtos > Atributos","Fri Jan 09 13:23:21 GMT-03:00 2026","passed","Fri Jan 09 13:23:45 GMT-03:00 2026","","","",""
"","2422","Deve voltar da página de cadastro para listagem","Modelos de Prescrições - Petshop","Fri Jan 09 13:25:25 GMT-03:00 2026","passed","Fri Jan 09 13:25:27 GMT-03:00 2026","","","",""
"","163995","cria venda sem pagamentos e exclui o registro","Cadastro de venda","Fri Jan 09 13:34:32 GMT-03:00 2026","failed","Fri Jan 09 13:37:16 GMT-03:00 2026","","","",""
"","2750","Deve preencher o formulário de download","NF-e > Download XML","Fri Jan 09 13:29:32 GMT-03:00 2026","passed","Fri Jan 09 13:29:35 GMT-03:00 2026","","","",""
"","22149","Deve acessar uma conta ativa com nome ""Banco"" e validar os campos preenchidos","Testes de Edição de Conta Corrente","Fri Jan 09 13:26:50 GMT-03:00 2026","broken","Fri Jan 09 13:27:12 GMT-03:00 2026","","","",""
"","2794","Deve limpar filtros aplicados","Painel de Atendimento - Petshop","Fri Jan 09 13:26:03 GMT-03:00 2026","passed","Fri Jan 09 13:26:06 GMT-03:00 2026","","","",""
"","22930","deve salvar cliente e acessar aba Contato/Notificacoes","Cadastro de cliente","Fri Jan 09 13:46:43 GMT-03:00 2026","passed","Fri Jan 09 13:47:06 GMT-03:00 2026","","","",""
"","4329","Deve cancelar o cadastro clicando em Voltar","SPED - IPI Ajuste Apuração","Fri Jan 09 13:25:39 GMT-03:00 2026","passed","Fri Jan 09 13:25:43 GMT-03:00 2026","","","",""
"","229251","realiza fluxo completo da NFe normal venda","Cadastro NFe Normal","Fri Jan 09 13:57:04 GMT-03:00 2026","failed","Fri Jan 09 14:00:53 GMT-03:00 2026","","","",""
"","34631","Deve realizar uma edição completa e salvar a receita","Edição Completa de Receita","Fri Jan 09 13:30:29 GMT-03:00 2026","passed","Fri Jan 09 13:31:03 GMT-03:00 2026","","","",""
"","5602","Deve preencher o formulário de cadastro de ICMS Ajuste Apuração","SPED - ICMS Ajuste Apuração","Fri Jan 09 13:24:34 GMT-03:00 2026","passed","Fri Jan 09 13:24:40 GMT-03:00 2026","","","",""
"","4796","Deve permitir pesquisar o relatorio de NCM","Relatorio de NCM","Fri Jan 09 13:24:43 GMT-03:00 2026","passed","Fri Jan 09 13:24:48 GMT-03:00 2026","","","",""
"","8351","Deve exibir erro ao tentar salvar sem preencher campos obrigatórios","Testes de Transferência Entre Contas","Fri Jan 09 13:41:51 GMT-03:00 2026","passed","Fri Jan 09 13:42:00 GMT-03:00 2026","","","",""
"","26291","Deve cadastrar uma conta para o banco: Bradesco S.A. (Código: 237) com cobrança bancária","Cadastro de Conta Corrente","Fri Jan 09 13:24:04 GMT-03:00 2026","passed","Fri Jan 09 13:24:30 GMT-03:00 2026","","","",""
"","3363","Deve navegar para o cadastro ao clicar em Novo Cadastro","SPED - IPI Ajuste Apuração","Fri Jan 09 13:25:30 GMT-03:00 2026","passed","Fri Jan 09 13:25:34 GMT-03:00 2026","","","",""
"","136","valida que todas as opções do dropdown Mais Ações estão visíveis","Cadastro NFe - Validações Dropdown Mais Ações","Fri Jan 09 14:07:30 GMT-03:00 2026","broken","Fri Jan 09 14:07:30 GMT-03:00 2026","","","",""
"","3324","Deve cancelar o cadastro clicando em Voltar","Testes de Recibo","Fri Jan 09 13:41:11 GMT-03:00 2026","passed","Fri Jan 09 13:41:14 GMT-03:00 2026","","","",""
"","16562","Deve preencher o formulário de Nova Despesa com Categoria: Despesa e Forma de Pagamento: PIX","Cadastro de Nova Despesa","Fri Jan 09 13:24:53 GMT-03:00 2026","passed","Fri Jan 09 13:25:09 GMT-03:00 2026","","","",""
"","1765","Deve filtrar modelos de prescrições por status","Modelos de Prescrições - Petshop","Fri Jan 09 13:25:19 GMT-03:00 2026","passed","Fri Jan 09 13:25:21 GMT-03:00 2026","","","",""
"","5321","Deve permitir pesquisar o relatorio de Contas a Pagar com periodo diario","Relatorio de Contas a Pagar","Fri Jan 09 13:25:55 GMT-03:00 2026","passed","Fri Jan 09 13:26:00 GMT-03:00 2026","","","",""
"","15029","exibe a listagem e permite abrir o formulario de filtros","Listagem de clientes","Fri Jan 09 13:47:08 GMT-03:00 2026","passed","Fri Jan 09 13:47:23 GMT-03:00 2026","","","",""
"","3380","marca todos os itens ao selecionar o checkbox geral","Listagem NFe","Fri Jan 09 14:34:39 GMT-03:00 2026","passed","Fri Jan 09 14:34:42 GMT-03:00 2026","","","",""
"","4728","Deve permitir pesquisar o relatorio NFSe com periodo diario","Relatorio NFSe","Fri Jan 09 13:25:07 GMT-03:00 2026","passed","Fri Jan 09 13:25:12 GMT-03:00 2026","","","",""
"","155990","Deve cancelar a exclusão e verificar que a parcela permanece na tabela","Testes da Listagem de Contas a Receber","Fri Jan 09 13:48:32 GMT-03:00 2026","broken","Fri Jan 09 13:51:08 GMT-03:00 2026","","Exclusão e Confirmações","",""
"","3694","Cenário 3: Deve filtrar, editar e atualizar dados na aba Serviço","Atualizar Dados Fiscais","Fri Jan 09 13:27:00 GMT-03:00 2026","passed","Fri Jan 09 13:27:03 GMT-03:00 2026","","","",""
"","1014","Deve validar que o formulário de novo cadastro está visível ao acessar diretamente","Testes de Recibo","Fri Jan 09 13:38:36 GMT-03:00 2026","passed","Fri Jan 09 13:38:37 GMT-03:00 2026","","","",""
"","22513","cadastra e exclui o produto depois de recusar preencher os dados fiscais","Cadastro de produtos","Fri Jan 09 13:40:32 GMT-03:00 2026","passed","Fri Jan 09 13:40:55 GMT-03:00 2026","","","",""
"","16311","Deve preencher o formulário de Nova Receita com Categoria: RECEITA e Forma de Pagamento: CARTÃO DE CRÉDITO","Cadastro de Nova Receita","Fri Jan 09 13:27:20 GMT-03:00 2026","passed","Fri Jan 09 13:27:36 GMT-03:00 2026","","","",""
"","27957","Deve gerar o arquivo com inventário e valor informado","Sintegra > Gerar Arquivo","Fri Jan 09 13:26:22 GMT-03:00 2026","passed","Fri Jan 09 13:26:49 GMT-03:00 2026","","","",""
"","25264","Deve exibir os filtros e acoes disponiveis para o relatorio Fiscal Entrada Sintetico","Relatorio Fiscal Entrada Sintetico","Fri Jan 09 13:23:31 GMT-03:00 2026","passed","Fri Jan 09 13:23:56 GMT-03:00 2026","","","",""
"","10283","Deve localizar e clicar no botão ""PARCIAL"" da primeira linha com status PARCIAL","Testes de Baixa de Despesas","Fri Jan 09 13:31:49 GMT-03:00 2026","passed","Fri Jan 09 13:31:59 GMT-03:00 2026","","","",""
"","2766","Deve permitir navegar para novo cadastro","Listagem de Requisições de Consignação","Fri Jan 09 13:45:15 GMT-03:00 2026","passed","Fri Jan 09 13:45:17 GMT-03:00 2026","","","",""
"","60245","Deve preencher e salvar um novo orçamento com sucesso","Cadastro de Novo Orçamento","Fri Jan 09 13:40:58 GMT-03:00 2026","passed","Fri Jan 09 13:41:58 GMT-03:00 2026","","","",""
"","14856","Deve preencher o formulário de Nova Receita com Categoria: RECEITA e Forma de Pagamento: ONLINE","Cadastro de Nova Receita","Fri Jan 09 13:28:25 GMT-03:00 2026","passed","Fri Jan 09 13:28:40 GMT-03:00 2026","","","",""
"","4430","mantém a tabela visível mesmo quando não há resultados para o filtro aplicado","Listagem de Produção","Fri Jan 09 13:42:56 GMT-03:00 2026","passed","Fri Jan 09 13:43:01 GMT-03:00 2026","","Cenários sem resultados","",""
"","18270","deve exibir os botoes principais do formulario","Cadastro de contador","Fri Jan 09 13:33:38 GMT-03:00 2026","passed","Fri Jan 09 13:33:56 GMT-03:00 2026","","","",""
"","6490","deve exibir erro ao tentar salvar sem preencher campos obrigatorios","Cadastro de usuário","Fri Jan 09 13:32:00 GMT-03:00 2026","passed","Fri Jan 09 13:32:06 GMT-03:00 2026","","","",""
"","25489","deve exibir o modal de cadastro corretamente","Cadastro de Perfil de Acesso","Fri Jan 09 13:30:38 GMT-03:00 2026","passed","Fri Jan 09 13:31:03 GMT-03:00 2026","","","",""
"","25299","Deve exibir os filtros e acoes disponiveis para o relatorio Fiscal Pis/Cofins","Relatorio Fiscal Pis/Cofins","Fri Jan 09 13:24:03 GMT-03:00 2026","passed","Fri Jan 09 13:24:29 GMT-03:00 2026","","","",""
"","4162","Deve filtrar atendimentos por data","Painel de Atendimento - Petshop","Fri Jan 09 13:25:47 GMT-03:00 2026","passed","Fri Jan 09 13:25:52 GMT-03:00 2026","","","",""
"","176388","Realizar venda com sucesso","Realizar venda com nfe","Fri Jan 09 14:43:11 GMT-03:00 2026","failed","Fri Jan 09 14:46:07 GMT-03:00 2026","","","",""
"","235332","preenche formulario com natureza e destinatario na NFe normal avulsa","Cadastro NFe Normal","Fri Jan 09 13:50:17 GMT-03:00 2026","failed","Fri Jan 09 13:54:12 GMT-03:00 2026","","","",""
"","3019","Deve filtrar ordens de serviço por vendas geradas","Gestão de Ordem de Serviço - Petshop","Fri Jan 09 13:24:29 GMT-03:00 2026","passed","Fri Jan 09 13:24:32 GMT-03:00 2026","","","",""
"","3867","aplica filtro e valida resultado","Listagem de cartões","Fri Jan 09 13:25:14 GMT-03:00 2026","passed","Fri Jan 09 13:25:18 GMT-03:00 2026","","","",""
"","4199","Deve ter botão de Lista de Compras disponível","Estoque > Gestão de Estoque","Fri Jan 09 13:35:05 GMT-03:00 2026","passed","Fri Jan 09 13:35:09 GMT-03:00 2026","","","",""
"","2974","Deve aplicar filtros de pesquisa","Listagem de Requisições de Consignação","Fri Jan 09 13:45:17 GMT-03:00 2026","passed","Fri Jan 09 13:45:20 GMT-03:00 2026","","","",""
"","5870","aplica filtro por nome e limpa o campo apos a pesquisa","Listagem de empresas","Fri Jan 09 13:25:27 GMT-03:00 2026","passed","Fri Jan 09 13:25:33 GMT-03:00 2026","","","",""
"","3408","Deve exibir vendas no relatorio de Ultimas Compras","Relatorio de Ultimas Compras","Fri Jan 09 13:26:28 GMT-03:00 2026","passed","Fri Jan 09 13:26:31 GMT-03:00 2026","","","",""
"","4728","filtra por status EM ELABORAÇÃO e valida resultados","Listagem de Produção","Fri Jan 09 13:42:42 GMT-03:00 2026","passed","Fri Jan 09 13:42:46 GMT-03:00 2026","","Pesquisa por filtros","",""
"","2244","Deve validar o link de download","SPED - Inventário Base","Fri Jan 09 13:25:05 GMT-03:00 2026","passed","Fri Jan 09 13:25:07 GMT-03:00 2026","","","",""
"","4088","Deve clicar na opção ""Detalhes do título"" do dropdown e verificar o modal","Testes da Listagem de Contas a Receber","Fri Jan 09 13:45:44 GMT-03:00 2026","passed","Fri Jan 09 13:45:49 GMT-03:00 2026","","Ações de Dropdown","",""
"","240809","realiza fluxo completo da NFe devolucao nota fiscal saida","Cadastro NFe Devolução","Fri Jan 09 13:39:59 GMT-03:00 2026","failed","Fri Jan 09 13:44:00 GMT-03:00 2026","","","",""
"","163039","realiza fluxo completo alterando cliente, vendedor, item e gerando pagamento","Cadastro de venda","Fri Jan 09 13:23:36 GMT-03:00 2026","failed","Fri Jan 09 13:26:19 GMT-03:00 2026","","","",""
"","4351","deve realizar cadastro completo de justificativa com descricao e rotinas","Cadastro de justificativa","Fri Jan 09 13:30:00 GMT-03:00 2026","passed","Fri Jan 09 13:30:04 GMT-03:00 2026","","","",""
"","155261","Deve preencher o motivo, confirmar o cancelamento e verificar o status atualizado","Testes da Listagem de Contas a Receber","Fri Jan 09 13:51:08 GMT-03:00 2026","broken","Fri Jan 09 13:53:44 GMT-03:00 2026","","Cancelamento de Parcelas","",""
"","18839","exibe a tela de listagem com título, formulário de pesquisa e tabela visíveis","Listagem de Produção","Fri Jan 09 13:41:57 GMT-03:00 2026","passed","Fri Jan 09 13:42:16 GMT-03:00 2026","","Validação inicial da tela","",""
"","153652","Deve abrir o dropdown e selecionar a opção ""Excluir"" na linha com status ""Pago"" e exibir erro","Testes de Listagem de Contas a Pagar","Fri Jan 09 13:42:08 GMT-03:00 2026","failed","Fri Jan 09 13:44:42 GMT-03:00 2026","","","",""
"","33140","exibe a tabela principal e permite abrir o painel de filtros","Listagem de vendas","Fri Jan 09 13:37:18 GMT-03:00 2026","passed","Fri Jan 09 13:37:52 GMT-03:00 2026","","","",""
"","13383","Deve acessar a tela de listagem de Modelos de Prescrições","Modelos de Prescrições - Petshop","Fri Jan 09 13:25:03 GMT-03:00 2026","passed","Fri Jan 09 13:25:17 GMT-03:00 2026","","","",""
"","154922","deve realizar cadastro de perfil apenas com campos obrigatórios","Cadastro de Perfil de Acesso","Fri Jan 09 13:31:12 GMT-03:00 2026","broken","Fri Jan 09 13:33:47 GMT-03:00 2026","","","",""
"","4472","Deve desfazer baixa e verificar valor pendente restaurado","Testes de Baixa de Despesas","Fri Jan 09 13:31:59 GMT-03:00 2026","passed","Fri Jan 09 13:32:04 GMT-03:00 2026","","","",""
"","5231","Deve permitir ordenar por código (decrescente)","Gestor de Promoções - Listagem","Fri Jan 09 13:28:54 GMT-03:00 2026","passed","Fri Jan 09 13:29:00 GMT-03:00 2026","","Listagem de Promoções","",""
"","13850","deve permitir navegar entre todas as abas do formulario","Cadastro de empresa","Fri Jan 09 13:24:26 GMT-03:00 2026","passed","Fri Jan 09 13:24:40 GMT-03:00 2026","","","",""
"","6430","Deve permitir pesquisar o relatorio de Gerente de Vendas com periodo diario","Relatorio de Gerente de Vendas","Fri Jan 09 13:24:17 GMT-03:00 2026","passed","Fri Jan 09 13:24:23 GMT-03:00 2026","","","",""
"","151912","Deve alterar o status para em atendimento e gerar Venda","Painel de Atendimento - Petshop","Fri Jan 09 13:28:37 GMT-03:00 2026","failed","Fri Jan 09 13:31:09 GMT-03:00 2026","","Testes de novo atendimento quando Gerar atendimento por serviço = nao e registro tempo = turno","",""
"","5374","Deve validar que a tela está visível ao acessar","Testes de Lançamento Conta","Fri Jan 09 13:28:53 GMT-03:00 2026","passed","Fri Jan 09 13:28:58 GMT-03:00 2026","","","",""
"","4090","limpa todos os campos do formulario de pesquisa","Listagem de empresas","Fri Jan 09 13:26:09 GMT-03:00 2026","passed","Fri Jan 09 13:26:13 GMT-03:00 2026","","","",""
"","11292","Deve preencher as informações de pagamento e salvar","Testes do Modal de Recebimento","Fri Jan 09 13:35:07 GMT-03:00 2026","passed","Fri Jan 09 13:35:18 GMT-03:00 2026","","","",""
"","23952","Deve abrir o formulário de novo cadastro de movimentação para operação Entrada","Cadastro de Movimentações","Fri Jan 09 13:32:00 GMT-03:00 2026","passed","Fri Jan 09 13:32:24 GMT-03:00 2026","","","",""
"","3588","deve permitir selecionar diferentes tipos de Profile","Cadastro de Perfil de Acesso","Fri Jan 09 13:33:59 GMT-03:00 2026","passed","Fri Jan 09 13:34:02 GMT-03:00 2026","","","",""
"","154536","aplica filtro por nome e limpa o campo apos a pesquisa","Listagem de funcionários","Fri Jan 09 13:28:18 GMT-03:00 2026","failed","Fri Jan 09 13:30:52 GMT-03:00 2026","","","",""
"","33249","abre tela de novo cadastro com passos e tipo Avulsa pre-selecionados","Cadastro NFe - Validações Gerais","Fri Jan 09 14:06:49 GMT-03:00 2026","passed","Fri Jan 09 14:07:22 GMT-03:00 2026","","","",""
"","18815","Deve exibir a página de listagem de categorias corretamente","Testes de Listagem de Categorias","Fri Jan 09 13:29:47 GMT-03:00 2026","passed","Fri Jan 09 13:30:06 GMT-03:00 2026","","","",""
"","3485","seleciona e limpa todos os checkboxes da tabela","Listagem de funcionários","Fri Jan 09 13:30:53 GMT-03:00 2026","passed","Fri Jan 09 13:30:56 GMT-03:00 2026","","","",""
"","8916","Deve realizar o cadastro de uma devolução/venda com sucesso","Cadastro de Devolução/Venda de Consignação","Fri Jan 09 13:43:13 GMT-03:00 2026","passed","Fri Jan 09 13:43:22 GMT-03:00 2026","","","",""
"","2758","Deve filtrar categorias de receita por ""Todas""","Testes de Listagem de Categorias","Fri Jan 09 13:30:12 GMT-03:00 2026","passed","Fri Jan 09 13:30:14 GMT-03:00 2026","","","",""
"","6949","Deve desfazer a baixa de uma parcela, fechar o modal e verificar o status ""Baixar""","Testes do Modal de Recebimento","Fri Jan 09 13:38:06 GMT-03:00 2026","passed","Fri Jan 09 13:38:13 GMT-03:00 2026","","","",""
"","155239","deve exibir todos os campos do modal de configurações","Meu Lucro - Dashboard Financeiro","Fri Jan 09 13:57:41 GMT-03:00 2026","failed","Fri Jan 09 14:00:17 GMT-03:00 2026","","","",""
"","3876","Deve clicar na opção ""Editar"" do dropdown e verificar o modal","Testes da Listagem de Contas a Receber","Fri Jan 09 13:45:41 GMT-03:00 2026","passed","Fri Jan 09 13:45:44 GMT-03:00 2026","","Ações de Dropdown","",""
"","151854","Deve alterar o status para em atendimento e gerar Venda","Painel de Atendimento - Petshop","Fri Jan 09 13:43:51 GMT-03:00 2026","failed","Fri Jan 09 13:46:23 GMT-03:00 2026","","Testes de novo atendimento quando Gerar atendimento por serviço = sim e registro tempo =horario","",""
"","851","Deve validar especificamente o Painel de Atendimento (menu principal exclusivo)","Validação do Menu Lateral do Petshop","Fri Jan 09 13:25:00 GMT-03:00 2026","passed","Fri Jan 09 13:25:01 GMT-03:00 2026","","","",""
"","3535","deve exibir os botões principais (Configurações e Gerar PDF)","Meu Lucro - Dashboard Financeiro","Fri Jan 09 13:56:46 GMT-03:00 2026","passed","Fri Jan 09 13:56:49 GMT-03:00 2026","","","",""
"","12","valida opção Visualizar Danfe do dropdown Mais Ações","Cadastro NFe - Validações Dropdown Mais Ações","Fri Jan 09 14:07:30 GMT-03:00 2026","broken","Fri Jan 09 14:07:30 GMT-03:00 2026","","","",""
"","3394","Deve abrir o dropdown da primeira linha com status ""Baixar"" e validar as opções","Testes de Listagem de Contas a Pagar","Fri Jan 09 13:31:33 GMT-03:00 2026","passed","Fri Jan 09 13:31:36 GMT-03:00 2026","","","",""
"","39426","Deve gerar o arquivo fiscal com inventário ativado e valor informado","SPED > Gerar Arquivo","Fri Jan 09 13:22:13 GMT-03:00 2026","passed","Fri Jan 09 13:22:53 GMT-03:00 2026","","","",""
"","7684","deve exibir erro ao tentar salvar com email invalido","Cadastro de usuário","Fri Jan 09 13:32:29 GMT-03:00 2026","passed","Fri Jan 09 13:32:36 GMT-03:00 2026","","","",""
"","12174","deve realizar cadastro completo de cartao com todos os campos","Cadastro de cartão","Fri Jan 09 13:24:08 GMT-03:00 2026","passed","Fri Jan 09 13:24:20 GMT-03:00 2026","","","",""
"","90627","adiciona três itens e gera pagamento","Cadastro manual de compra","Fri Jan 09 13:24:03 GMT-03:00 2026","passed","Fri Jan 09 13:25:33 GMT-03:00 2026","","","",""
"","2426","Deve validar contadores de status estão presentes","Painel de Atendimento - Petshop","Fri Jan 09 13:26:00 GMT-03:00 2026","passed","Fri Jan 09 13:26:03 GMT-03:00 2026","","","",""
"","2292","Deve preencher formulário de cadastro de vacina","Vacinas - Petshop","Fri Jan 09 13:47:10 GMT-03:00 2026","passed","Fri Jan 09 13:47:12 GMT-03:00 2026","","","",""
"","22050","Deve exibir a tela de listagem de ICMS Ajustes Apurações","SPED - ICMS Ajuste Apuração","Fri Jan 09 13:24:07 GMT-03:00 2026","passed","Fri Jan 09 13:24:29 GMT-03:00 2026","","","",""
"","6064","apresenta o painel de pagamentos com mensagem padrao","Cadastro de venda","Fri Jan 09 13:23:29 GMT-03:00 2026","passed","Fri Jan 09 13:23:35 GMT-03:00 2026","","","",""
"","14069","Deve ativar promoção após cadastro completo","Gestor de Promoções - Cadastro","Fri Jan 09 13:30:19 GMT-03:00 2026","passed","Fri Jan 09 13:30:33 GMT-03:00 2026","","Cadastro de Promoção","",""
"","3854","Deve clicar na opção ""Cancelar"" do dropdown e verificar o modal de cancelamento","Testes da Listagem de Contas a Receber","Fri Jan 09 13:45:49 GMT-03:00 2026","passed","Fri Jan 09 13:45:52 GMT-03:00 2026","","Ações de Dropdown","",""
"","151797","Deve gerar um novo atendimento","Painel de Atendimento - Petshop","Fri Jan 09 13:31:09 GMT-03:00 2026","failed","Fri Jan 09 13:33:41 GMT-03:00 2026","","Testes de novo atendimento quando Gerar atendimento por serviço = sim e registro tempo =turno","",""
"","2742","Deve filtrar categorias de receita por ""Ativas""","Testes de Listagem de Categorias","Fri Jan 09 13:30:15 GMT-03:00 2026","passed","Fri Jan 09 13:30:18 GMT-03:00 2026","","","",""
"","23514","Deve exibir os filtros e acoes disponiveis para o relatorio de Caixa","Relatorio de Caixa","Fri Jan 09 13:26:32 GMT-03:00 2026","passed","Fri Jan 09 13:26:55 GMT-03:00 2026","","","",""
"","3468","Deve preencher filtros e realizar pesquisa","Estoque > Gestão de Estoque","Fri Jan 09 13:34:56 GMT-03:00 2026","passed","Fri Jan 09 13:34:59 GMT-03:00 2026","","","",""
"","25410","emite e gera carta de correção NFe devolucao avulsa","Carta de Correção NFe Devolução","Fri Jan 09 14:30:00 GMT-03:00 2026","broken","Fri Jan 09 14:30:26 GMT-03:00 2026","","","",""
"","24326","Deve clicar no botão de novo cadastro e redirecionar para a página de cadastro","Testes de Listagem de Contas","Fri Jan 09 13:30:32 GMT-03:00 2026","passed","Fri Jan 09 13:30:56 GMT-03:00 2026","","","",""
"","214060","emite e gera carta de correção NFe normal avulsa","Carta de Correção NFe Normal","Fri Jan 09 14:30:27 GMT-03:00 2026","failed","Fri Jan 09 14:34:01 GMT-03:00 2026","","","",""
"","2420","abre a edicao do primeiro registro da listagem","Listagem de formas de pagamento","Fri Jan 09 13:29:30 GMT-03:00 2026","passed","Fri Jan 09 13:29:32 GMT-03:00 2026","","","",""
"","6966","deve editar empresa existente e validar alteracao","Cadastro de empresa","Fri Jan 09 13:24:57 GMT-03:00 2026","passed","Fri Jan 09 13:25:04 GMT-03:00 2026","","","",""
"","5487","Deve navegar para Visão Geral","Estoque > Gestão de Estoque","Fri Jan 09 13:34:59 GMT-03:00 2026","passed","Fri Jan 09 13:35:05 GMT-03:00 2026","","","",""
"","28455","Deve exibir os filtros e acoes disponiveis para o relatorio de Ficha Estoque","Relatorio de Ficha Estoque","Fri Jan 09 13:26:44 GMT-03:00 2026","passed","Fri Jan 09 13:27:13 GMT-03:00 2026","","","",""
"","5689","Deve permitir pesquisar o relatorio de Evolucao","Relatorio de Evolucao","Fri Jan 09 13:24:17 GMT-03:00 2026","passed","Fri Jan 09 13:24:23 GMT-03:00 2026","","","",""
"","21960","Deve cadastrar um novo serviço com sucesso","Funcionalidade de Serviço","Fri Jan 09 13:27:20 GMT-03:00 2026","passed","Fri Jan 09 13:27:42 GMT-03:00 2026","","","",""
"","29325","Deve lançar categoria na importação","Cadastro de compra - Importação XML","Fri Jan 09 13:31:07 GMT-03:00 2026","passed","Fri Jan 09 13:31:37 GMT-03:00 2026","","","",""
"","6919","Deve cadastrar reajuste com operação FORMAR PREÇO","Gestor de Preços - Cadastro","Fri Jan 09 13:28:08 GMT-03:00 2026","passed","Fri Jan 09 13:28:15 GMT-03:00 2026","","Cadastro de Reajuste de Preço","",""
"","25074","Deve abrir a tela de cadastro de requisição","Cadastro de Requisição de Consignação","Fri Jan 09 13:44:08 GMT-03:00 2026","passed","Fri Jan 09 13:44:33 GMT-03:00 2026","","","",""
"","34222","Deve excluir todos os itens selecionados","Testes de Listagem de Vínculo Fiscal","Fri Jan 09 13:37:53 GMT-03:00 2026","passed","Fri Jan 09 13:38:28 GMT-03:00 2026","","","",""
"","4468","seleciona e desmarca todos os registros da listagem","Listagem de vendas","Fri Jan 09 13:38:11 GMT-03:00 2026","passed","Fri Jan 09 13:38:15 GMT-03:00 2026","","","",""
"","15404","deve realizar cadastro de cliente pessoa juridica","Cadastro de cliente","Fri Jan 09 13:46:01 GMT-03:00 2026","passed","Fri Jan 09 13:46:16 GMT-03:00 2026","","","",""
"","23239","Deve exibir a tela de Configurações do SPED com todos os elementos principais","SPED > Configurações","Fri Jan 09 13:23:36 GMT-03:00 2026","passed","Fri Jan 09 13:24:00 GMT-03:00 2026","","","",""
"","78270","Deve preencher o formulário de vínculo fiscal, salvar e validar as informações exibidas","Cadastro de Novo Vínculo Fiscal","Fri Jan 09 13:36:16 GMT-03:00 2026","passed","Fri Jan 09 13:37:34 GMT-03:00 2026","","","",""
"","5096","Deve realizar busca por código de produto","Produto > Pesquisa Preço","Fri Jan 09 13:43:17 GMT-03:00 2026","passed","Fri Jan 09 13:43:22 GMT-03:00 2026","","","",""
"","10077","Deve preencher e salvar um novo cadastro de requisição com sucesso","Cadastro de Requisição de Consignação","Fri Jan 09 13:44:33 GMT-03:00 2026","passed","Fri Jan 09 13:44:43 GMT-03:00 2026","","","",""
"","239981","realiza fluxo completo da NFe devolucao compra","Cadastro NFe Devolução","Fri Jan 09 13:30:59 GMT-03:00 2026","failed","Fri Jan 09 13:34:59 GMT-03:00 2026","","","",""
"","3037","Deve filtrar atendimentos por status","Painel de Atendimento - Petshop","Fri Jan 09 13:25:52 GMT-03:00 2026","passed","Fri Jan 09 13:25:55 GMT-03:00 2026","","","",""
"","2068","deve selecionar e limpar todos os checkboxes da tabela","Listagem de Perfis de Acesso","Fri Jan 09 13:34:29 GMT-03:00 2026","passed","Fri Jan 09 13:34:32 GMT-03:00 2026","","","",""
"","3425","Deve ativar uma conta inativa","Testes de Edição de Conta Corrente","Fri Jan 09 13:27:19 GMT-03:00 2026","broken","Fri Jan 09 13:27:23 GMT-03:00 2026","","","",""
"","23962","Deve cadastrar um novo plano de contas com todos os campos obrigatórios","SPED > Plano de Contas","Fri Jan 09 13:22:57 GMT-03:00 2026","passed","Fri Jan 09 13:23:21 GMT-03:00 2026","","","",""
"","2554","abre o modal de exclusao ao selecionar registros e cancela a acao","Listagem de empresas","Fri Jan 09 13:25:39 GMT-03:00 2026","passed","Fri Jan 09 13:25:42 GMT-03:00 2026","","","",""
"","6683","deve validar autocomplete de perfil","Cadastro de usuário","Fri Jan 09 13:32:15 GMT-03:00 2026","passed","Fri Jan 09 13:32:22 GMT-03:00 2026","","","",""
"","3253","deve aplicar filtro por nome e limpar o campo após a pesquisa","Listagem de Perfis de Acesso","Fri Jan 09 13:34:26 GMT-03:00 2026","passed","Fri Jan 09 13:34:29 GMT-03:00 2026","","","",""
"","4315","deve exibir a tabela de Ponto de Equilíbrio","Meu Lucro - Dashboard Financeiro","Fri Jan 09 13:57:28 GMT-03:00 2026","passed","Fri Jan 09 13:57:32 GMT-03:00 2026","","","",""
"","25154","Deve cadastrar uma conta para o banco: Caixa Econômica (Código: 104) com cobrança bancária","Cadastro de Conta Corrente","Fri Jan 09 13:23:39 GMT-03:00 2026","passed","Fri Jan 09 13:24:04 GMT-03:00 2026","","","",""
"","5434","Deve permitir acessar novo cadastro","Gestor de Preços - Listagem","Fri Jan 09 13:27:28 GMT-03:00 2026","passed","Fri Jan 09 13:27:33 GMT-03:00 2026","","Listagem de Preços","",""
"","16617","Deve exibir os filtros e acoes disponiveis para o relatorio NFSe","Relatorio NFSe","Fri Jan 09 13:24:50 GMT-03:00 2026","passed","Fri Jan 09 13:25:07 GMT-03:00 2026","","","",""
"","154270","valida os fluxos de exclusao em massa","Listagem de vendas","Fri Jan 09 13:38:15 GMT-03:00 2026","failed","Fri Jan 09 13:40:49 GMT-03:00 2026","","","",""
"","45587","Deve cadastrar uma conta para o banco: Banco do Brasil (Código: 001) com cobrança bancária","Cadastro de Conta Corrente","Fri Jan 09 13:22:29 GMT-03:00 2026","passed","Fri Jan 09 13:23:14 GMT-03:00 2026","","","",""
"","4072","deve retornar para listagem ao clicar em Voltar","Cadastro de funcionário","Fri Jan 09 13:27:31 GMT-03:00 2026","passed","Fri Jan 09 13:27:35 GMT-03:00 2026","","","",""
"","4739","Deve permitir pesquisar o relatorio Fiscal Entrada Sintetico com periodo diario","Relatorio Fiscal Entrada Sintetico","Fri Jan 09 13:23:56 GMT-03:00 2026","passed","Fri Jan 09 13:24:01 GMT-03:00 2026","","","",""
"","2962","Deve preencher o formulário de download","NFC-e > Download XML","Fri Jan 09 13:27:34 GMT-03:00 2026","passed","Fri Jan 09 13:27:37 GMT-03:00 2026","","","",""
"","16987","abre formulario de NFe normal NFCe apos pesquisar e selecionar","Cadastro NFe Normal","Fri Jan 09 14:00:54 GMT-03:00 2026","passed","Fri Jan 09 14:01:11 GMT-03:00 2026","","","",""
"","18281","Deve exibir os filtros e acoes disponiveis para o relatorio de Projecao de Cartoes","Relatorio de Projecao de Cartoes","Fri Jan 09 13:25:45 GMT-03:00 2026","passed","Fri Jan 09 13:26:03 GMT-03:00 2026","","","",""
"","17185","Deve exibir a listagem de preços","Gestor de Preços - Listagem","Fri Jan 09 13:27:07 GMT-03:00 2026","passed","Fri Jan 09 13:27:24 GMT-03:00 2026","","Listagem de Preços","",""
"","3882","Deve validar as opções do dropdown de ações","Testes da Listagem de Contas a Receber","Fri Jan 09 13:45:37 GMT-03:00 2026","passed","Fri Jan 09 13:45:40 GMT-03:00 2026","","Ações de Dropdown","",""
"","21645","Deve filtrar movimentações por operação","Listagem de Movimentações","Fri Jan 09 13:33:26 GMT-03:00 2026","passed","Fri Jan 09 13:33:48 GMT-03:00 2026","","","",""
"","15704","abre formulario de NFe normal movimentacao apos pesquisar e selecionar","Cadastro NFe Normal","Fri Jan 09 14:03:53 GMT-03:00 2026","passed","Fri Jan 09 14:04:09 GMT-03:00 2026","","","",""
"","16490","Deve exibir a tela de Download do XML com todos os elementos principais","NF-e > Download XML","Fri Jan 09 13:29:16 GMT-03:00 2026","passed","Fri Jan 09 13:29:32 GMT-03:00 2026","","","",""
"","5200","deve abrir e fechar o modal de configurações","Meu Lucro - Dashboard Financeiro","Fri Jan 09 13:57:36 GMT-03:00 2026","passed","Fri Jan 09 13:57:41 GMT-03:00 2026","","","",""
"","15259","Deve acessar o Painel de Gestão de OS","Gestão de Ordem de Serviço - Petshop","Fri Jan 09 13:24:05 GMT-03:00 2026","passed","Fri Jan 09 13:24:21 GMT-03:00 2026","","","",""
"","14820","Deve exibir a tela de Pesquisa Preço com todos os elementos principais","Produto > Pesquisa Preço","Fri Jan 09 13:43:02 GMT-03:00 2026","passed","Fri Jan 09 13:43:17 GMT-03:00 2026","","","",""
"","50498","Importando NFe pelo XML","Cadastro de compra - Importação XML","Fri Jan 09 13:26:34 GMT-03:00 2026","passed","Fri Jan 09 13:27:24 GMT-03:00 2026","","","",""
"","194073","Deve validar os menus e submenus","Validação do Menu Lateral do Softcomshop","Fri Jan 09 13:23:25 GMT-03:00 2026","failed","Fri Jan 09 13:26:39 GMT-03:00 2026","","","",""
"","23312","Deve exibir os filtros e acoes disponiveis para o relatorio de Contas a Pagar","Relatorio de Contas a Pagar","Fri Jan 09 13:25:31 GMT-03:00 2026","passed","Fri Jan 09 13:25:55 GMT-03:00 2026","","","",""
"","3602","aplica filtro por descricao e valida resultado","Listagem de justificativas","Fri Jan 09 13:30:26 GMT-03:00 2026","passed","Fri Jan 09 13:30:30 GMT-03:00 2026","","","",""
"","3337","deve validar autocomplete de bairro","Cadastro de contador","Fri Jan 09 13:34:21 GMT-03:00 2026","passed","Fri Jan 09 13:34:24 GMT-03:00 2026","","","",""
"","67230","realiza fluxo completo: fornecedor, dados principais, item e pagamento","Cadastro manual de compra","Fri Jan 09 13:22:55 GMT-03:00 2026","passed","Fri Jan 09 13:24:02 GMT-03:00 2026","","","",""
"","17094","exibe a listagem e permite abrir o formulario de filtros","Listagem de usuários","Fri Jan 09 13:32:55 GMT-03:00 2026","passed","Fri Jan 09 13:33:13 GMT-03:00 2026","","","",""
"","4258","Deve permitir pesquisar o relatorio de Tabela de Preco","Relatorio de Tabela de Preco","Fri Jan 09 13:26:11 GMT-03:00 2026","passed","Fri Jan 09 13:26:16 GMT-03:00 2026","","","",""
"","5000","Deve permitir pesquisar o relatorio de Aniversariantes sem filtros","Relatorio de Aniversariantes","Fri Jan 09 13:23:39 GMT-03:00 2026","passed","Fri Jan 09 13:23:44 GMT-03:00 2026","","","",""
"","4440","Deve permitir pesquisar o relatorio de Aniversariantes com mes atual","Relatorio de Aniversariantes","Fri Jan 09 13:23:35 GMT-03:00 2026","passed","Fri Jan 09 13:23:39 GMT-03:00 2026","","","",""
"","155038","Não deve cancelar a despesa se a confirmação for cancelada","Testes de Listagem de Contas a Pagar","Fri Jan 09 13:36:53 GMT-03:00 2026","failed","Fri Jan 09 13:39:28 GMT-03:00 2026","","","",""
"","17195","Deve exibir a tela de Fluxo de Caixa com todos os elementos principais","Financeiro > Fluxo de Caixa","Fri Jan 09 13:27:56 GMT-03:00 2026","passed","Fri Jan 09 13:28:13 GMT-03:00 2026","","","",""
"","97283","Deve validar os relatorios","Acessar relatorios: ","Fri Jan 09 13:26:36 GMT-03:00 2026","passed","Fri Jan 09 13:28:14 GMT-03:00 2026","","","",""
"","13745","deve permitir alternar entre as tabs","Meu Lucro - Dashboard Financeiro","Fri Jan 09 13:56:53 GMT-03:00 2026","failed","Fri Jan 09 13:57:06 GMT-03:00 2026","","","",""
"","10621","deve realizar cadastro completo de forma de pagamento com todos os campos","Cadastro de forma de pagamento","Fri Jan 09 13:25:59 GMT-03:00 2026","passed","Fri Jan 09 13:26:10 GMT-03:00 2026","","","",""
"","2735","Deve filtrar categorias de despesa por ""Ativas""","Testes de Listagem de Categorias","Fri Jan 09 13:30:24 GMT-03:00 2026","passed","Fri Jan 09 13:30:27 GMT-03:00 2026","","","",""
"","4853","deve validar autocomplete de cidade","Cadastro de contador","Fri Jan 09 13:34:24 GMT-03:00 2026","passed","Fri Jan 09 13:34:29 GMT-03:00 2026","","","",""
"","2824","Deve permitir navegar para novo cadastro","Listagem de Devoluções/Vendas de Consignação","Fri Jan 09 13:43:57 GMT-03:00 2026","passed","Fri Jan 09 13:44:00 GMT-03:00 2026","","","",""
"","5980","envia a alteração em massa usando o modal Alterar Grupo","Listagem de produtos","Fri Jan 09 13:37:07 GMT-03:00 2026","passed","Fri Jan 09 13:37:13 GMT-03:00 2026","","","",""
"","21162","Deve exibir os filtros e acoes disponiveis para o relatorio Fiscal Entrada Analitico","Relatorio Fiscal Entrada Analitico","Fri Jan 09 13:23:02 GMT-03:00 2026","passed","Fri Jan 09 13:23:23 GMT-03:00 2026","","","",""
"","4458","abre o dropdown de acoes e exibe a opcao de clonar venda","Listagem de vendas","Fri Jan 09 13:40:50 GMT-03:00 2026","passed","Fri Jan 09 13:40:54 GMT-03:00 2026","","","",""
"","2306","Deve abrir o formulário de novo cadastro ao clicar no botão Novo Cadastro","Testes de Recibo","Fri Jan 09 13:38:34 GMT-03:00 2026","passed","Fri Jan 09 13:38:36 GMT-03:00 2026","","","",""
"","2541","Deve validar a seção Fiscal com todos os campos","SPED > Configurações","Fri Jan 09 13:24:00 GMT-03:00 2026","passed","Fri Jan 09 13:24:02 GMT-03:00 2026","","","",""
"","3168","Deve exibir o botão Gerar PDF","Financeiro > DRE","Fri Jan 09 13:26:45 GMT-03:00 2026","passed","Fri Jan 09 13:26:48 GMT-03:00 2026","","","",""
"","5461","deve validar autocomplete de bairro","Cadastro de empresa","Fri Jan 09 13:24:46 GMT-03:00 2026","passed","Fri Jan 09 13:24:51 GMT-03:00 2026","","","",""
